CRIME CODE DESCRIPTION,LOCATION ,LATITUDE,LONGITUDE
"ASSAULT WITH DEADLY WEAPON, AGGRAVATED ASSAULT","(34.0442, -118.2439)",34.0442,-118.2439
ROBBERY,"(34.0417, -118.2443)",34.0417,-118.2443
"ASSAULT WITH DEADLY WEAPON, AGGRAVATED ASSAULT","(34.0437, -118.2455)",34.0437,-118.2455
"ASSAULT WITH DEADLY WEAPON, AGGRAVATED ASSAULT","(34.0421, -118.2469)",34.0421,-118.2469
"ASSAULT WITH DEADLY WEAPON, AGGRAVATED ASSAULT","(34.0428, -118.2461)",34.0428,-118.2461
"RAPE, FORCIBLE","(34.0428, -118.2461)",34.0428,-118.2461
"ASSAULT WITH DEADLY WEAPON, AGGRAVATED ASSAULT","(34.0442, -118.2439)",34.0442,-118.2439
"ASSAULT WITH DEADLY WEAPON, AGGRAVATED ASSAULT","(34.0421, -118.2469)",34.0421,-118.2469
"ASSAULT WITH DEADLY WEAPON, AGGRAVATED ASSAULT","(34.0421, -118.2469)",34.0421,-118.2469
ROBBERY,"(34.0449, -118.2458)",34.0449,-118.2458
"ASSAULT WITH DEADLY WEAPON, AGGRAVATED ASSAULT","(34.043, -118.242)",34.043,-118.242
"ASSAULT WITH DEADLY WEAPON, AGGRAVATED ASSAULT","(34.0442, -118.2439)",34.0442,-118.2439
"ASSAULT WITH DEADLY WEAPON, AGGRAVATED ASSAULT","(34.0408, -118.2428)",34.0408,-118.2428
CRIMINAL HOMICIDE,"(34.0442, -118.2439)",34.0442,-118.2439
"RAPE, FORCIBLE","(34.0421, -118.2469)",34.0421,-118.2469
"ASSAULT WITH DEADLY WEAPON, AGGRAVATED ASSAULT","(34.0403, -118.2421)",34.0403,-118.2421
"ASSAULT WITH DEADLY WEAPON, AGGRAVATED ASSAULT","(34.0437, -118.2455)",34.0437,-118.2455
ROBBERY,"(34.0423, -118.2452)",34.0423,-118.2452
"ASSAULT WITH DEADLY WEAPON, AGGRAVATED ASSAULT","(34.0396, -118.2451)",34.0396,-118.2451
ROBBERY,"(34.0449, -118.2458)",34.0449,-118.2458
"ASSAULT WITH DEADLY WEAPON, AGGRAVATED ASSAULT","(34.0433, -118.2488)",34.0433,-118.2488
"RAPE, FORCIBLE","(34.0417, -118.2443)",34.0417,-118.2443
ARSON,"(34.0417, -118.2443)",34.0417,-118.2443
"ASSAULT WITH DEADLY WEAPON, AGGRAVATED ASSAULT","(34.0442, -118.2439)",34.0442,-118.2439
"ASSAULT WITH DEADLY WEAPON, AGGRAVATED ASSAULT","(34.0439, -118.2479)",34.0439,-118.2479
ROBBERY,"(34.0428, -118.2461)",34.0428,-118.2461
ROBBERY,"(34.0403, -118.2421)",34.0403,-118.2421
"RAPE, FORCIBLE","(34.0423, -118.2452)",34.0423,-118.2452
"ASSAULT WITH DEADLY WEAPON, AGGRAVATED ASSAULT","(34.0428, -118.2461)",34.0428,-118.2461
ROBBERY,"(34.0423, -118.2452)",34.0423,-118.2452
ROBBERY,"(34.0449, -118.2458)",34.0449,-118.2458
"ASSAULT WITH DEADLY WEAPON, AGGRAVATED ASSAULT","(34.0437, -118.2455)",34.0437,-118.2455
"ASSAULT WITH DEADLY WEAPON, AGGRAVATED ASSAULT","(34.0421, -118.2469)",34.0421,-118.2469
"ASSAULT WITH DEADLY WEAPON, AGGRAVATED ASSAULT","(34.0435, -118.2471)",34.0435,-118.2471
"ASSAULT WITH DEADLY WEAPON, AGGRAVATED ASSAULT","(34.0421, -118.2405)",34.0421,-118.2405
"RAPE, FORCIBLE","(34.0442, -118.2439)",34.0442,-118.2439
ROBBERY,"(34.043, -118.242)",34.043,-118.242
"ASSAULT WITH DEADLY WEAPON, AGGRAVATED ASSAULT","(34.0449, -118.2458)",34.0449,-118.2458
ROBBERY,"(34.0448, -118.2474)",34.0448,-118.2474
ROBBERY,"(34.0448, -118.2474)",34.0448,-118.2474
ROBBERY,"(34.0442, -118.2439)",34.0442,-118.2439
ROBBERY,"(34.043, -118.242)",34.043,-118.242
"ASSAULT WITH DEADLY WEAPON, AGGRAVATED ASSAULT","(34.0428, -118.2461)",34.0428,-118.2461
"ASSAULT WITH DEADLY WEAPON, AGGRAVATED ASSAULT","(34.0428, -118.2461)",34.0428,-118.2461
ROBBERY,"(34.0454, -118.2466)",34.0454,-118.2466
"ASSAULT WITH DEADLY WEAPON, AGGRAVATED ASSAULT","(34.0394, -118.2405)",34.0394,-118.2405
"ASSAULT WITH DEADLY WEAPON, AGGRAVATED ASSAULT","(34.0423, -118.2452)",34.0423,-118.2452
ROBBERY,"(34.0395, -118.2405)",34.0395,-118.2405
"ASSAULT WITH DEADLY WEAPON, AGGRAVATED ASSAULT","(34.0442, -118.2439)",34.0442,-118.2439
ROBBERY,"(34.0435, -118.2471)",34.0435,-118.2471
"RAPE, FORCIBLE","(34.0421, -118.2469)",34.0421,-118.2469
"ASSAULT WITH DEADLY WEAPON, AGGRAVATED ASSAULT","(34.0442, -118.2439)",34.0442,-118.2439
"ASSAULT WITH DEADLY WEAPON, AGGRAVATED ASSAULT","(34.0437, -118.2455)",34.0437,-118.2455
"ASSAULT WITH DEADLY WEAPON, AGGRAVATED ASSAULT","(34.0417, -118.2443)",34.0417,-118.2443
"ASSAULT WITH DEADLY WEAPON, AGGRAVATED ASSAULT","(34.0454, -118.2466)",34.0454,-118.2466
"ASSAULT WITH DEADLY WEAPON, AGGRAVATED ASSAULT","(34.0442, -118.2439)",34.0442,-118.2439
ROBBERY,"(34.0439, -118.2479)",34.0439,-118.2479
"ASSAULT WITH DEADLY WEAPON, AGGRAVATED ASSAULT","(34.0421, -118.2469)",34.0421,-118.2469
ROBBERY,"(34.0437, -118.2455)",34.0437,-118.2455
"ASSAULT WITH DEADLY WEAPON, AGGRAVATED ASSAULT","(34.0423, -118.2452)",34.0423,-118.2452
"RAPE, FORCIBLE","(34.0428, -118.2461)",34.0428,-118.2461
ROBBERY,"(34.0421, -118.2469)",34.0421,-118.2469
CRIMINAL HOMICIDE,"(34.0403, -118.2421)",34.0403,-118.2421
ROBBERY,"(34.0442, -118.2439)",34.0442,-118.2439
ROBBERY,"(34.0421, -118.2469)",34.0421,-118.2469
ROBBERY,"(34.0442, -118.2439)",34.0442,-118.2439
CRIMINAL HOMICIDE,"(34.0442, -118.2439)",34.0442,-118.2439
"ASSAULT WITH DEADLY WEAPON, AGGRAVATED ASSAULT","(34.0423, -118.2452)",34.0423,-118.2452
"ASSAULT WITH DEADLY WEAPON, AGGRAVATED ASSAULT","(34.0421, -118.2469)",34.0421,-118.2469
"ASSAULT WITH DEADLY WEAPON, AGGRAVATED ASSAULT","(34.0408, -118.2428)",34.0408,-118.2428
CRIMINAL HOMICIDE,"(34.0429, -118.2397)",34.0429,-118.2397
"ASSAULT WITH DEADLY WEAPON, AGGRAVATED ASSAULT","(34.0421, -118.2469)",34.0421,-118.2469
ROBBERY,"(34.0442, -118.2439)",34.0442,-118.2439
"ASSAULT WITH DEADLY WEAPON, AGGRAVATED ASSAULT","(34.0449, -118.2458)",34.0449,-118.2458
"ASSAULT WITH DEADLY WEAPON, AGGRAVATED ASSAULT","(34.0408, -118.2428)",34.0408,-118.2428
"RAPE, FORCIBLE","(34.0428, -118.2461)",34.0428,-118.2461
"ASSAULT WITH DEADLY WEAPON, AGGRAVATED ASSAULT","(34.0423, -118.2452)",34.0423,-118.2452
"ASSAULT WITH DEADLY WEAPON, AGGRAVATED ASSAULT","(34.0423, -118.2452)",34.0423,-118.2452
CRIMINAL HOMICIDE,"(34.0428, -118.2461)",34.0428,-118.2461
"ASSAULT WITH DEADLY WEAPON, AGGRAVATED ASSAULT","(34.0428, -118.2461)",34.0428,-118.2461
"ASSAULT WITH DEADLY WEAPON, AGGRAVATED ASSAULT","(34.0421, -118.2469)",34.0421,-118.2469
"ASSAULT WITH DEADLY WEAPON, AGGRAVATED ASSAULT","(34.0403, -118.2421)",34.0403,-118.2421
"ASSAULT WITH DEADLY WEAPON, AGGRAVATED ASSAULT","(34.0428, -118.2461)",34.0428,-118.2461
ROBBERY,"(34.0435, -118.2471)",34.0435,-118.2471
"ASSAULT WITH DEADLY WEAPON, AGGRAVATED ASSAULT","(34.0423, -118.2452)",34.0423,-118.2452
ROBBERY,"(34.0408, -118.2428)",34.0408,-118.2428
"ASSAULT WITH DEADLY WEAPON, AGGRAVATED ASSAULT","(34.0442, -118.2439)",34.0442,-118.2439
"ASSAULT WITH DEADLY WEAPON, AGGRAVATED ASSAULT","(34.0423, -118.2452)",34.0423,-118.2452
"ASSAULT WITH DEADLY WEAPON, AGGRAVATED ASSAULT","(34.0437, -118.2455)",34.0437,-118.2455
ROBBERY,"(34.0396, -118.2451)",34.0396,-118.2451
ROBBERY,"(34.0408, -118.2428)",34.0408,-118.2428
ROBBERY,"(34.0442, -118.2439)",34.0442,-118.2439
"ASSAULT WITH DEADLY WEAPON, AGGRAVATED ASSAULT","(34.0428, -118.2461)",34.0428,-118.2461
"RAPE, FORCIBLE","(34.0437, -118.2455)",34.0437,-118.2455
ROBBERY,"(34.0442, -118.2439)",34.0442,-118.2439
"ASSAULT WITH DEADLY WEAPON, AGGRAVATED ASSAULT","(34.0387, -118.2439)",34.0387,-118.2439
"ASSAULT WITH DEADLY WEAPON, AGGRAVATED ASSAULT","(34.0417, -118.2443)",34.0417,-118.2443
"ASSAULT WITH DEADLY WEAPON, AGGRAVATED ASSAULT","(34.0442, -118.2439)",34.0442,-118.2439
"ASSAULT WITH DEADLY WEAPON, AGGRAVATED ASSAULT","(34.0412, -118.2436)",34.0412,-118.2436
ROBBERY,"(34.0448, -118.2474)",34.0448,-118.2474
"ASSAULT WITH DEADLY WEAPON, AGGRAVATED ASSAULT","(34.0449, -118.2458)",34.0449,-118.2458
"ASSAULT WITH DEADLY WEAPON, AGGRAVATED ASSAULT","(34.0412, -118.2436)",34.0412,-118.2436
"ASSAULT WITH DEADLY WEAPON, AGGRAVATED ASSAULT","(34.0442, -118.2439)",34.0442,-118.2439
"ASSAULT WITH DEADLY WEAPON, AGGRAVATED ASSAULT","(34.0421, -118.2469)",34.0421,-118.2469
"RAPE, FORCIBLE","(34.0442, -118.2439)",34.0442,-118.2439
"ASSAULT WITH DEADLY WEAPON, AGGRAVATED ASSAULT","(34.0395, -118.2405)",34.0395,-118.2405
"ASSAULT WITH DEADLY WEAPON, AGGRAVATED ASSAULT","(34.0421, -118.2469)",34.0421,-118.2469
"ASSAULT WITH DEADLY WEAPON, AGGRAVATED ASSAULT","(34.0421, -118.2469)",34.0421,-118.2469
ROBBERY,"(34.0403, -118.2421)",34.0403,-118.2421
"ASSAULT WITH DEADLY WEAPON, AGGRAVATED ASSAULT","(34.0421, -118.2469)",34.0421,-118.2469
"ASSAULT WITH DEADLY WEAPON, AGGRAVATED ASSAULT","(34.0449, -118.2458)",34.0449,-118.2458
ROBBERY,"(34.0421, -118.2469)",34.0421,-118.2469
"ASSAULT WITH DEADLY WEAPON, AGGRAVATED ASSAULT","(34.043, -118.242)",34.043,-118.242
"ASSAULT WITH DEADLY WEAPON, AGGRAVATED ASSAULT","(34.0396, -118.2451)",34.0396,-118.2451
"ASSAULT WITH DEADLY WEAPON, AGGRAVATED ASSAULT","(34.0437, -118.2455)",34.0437,-118.2455
"ASSAULT WITH DEADLY WEAPON, AGGRAVATED ASSAULT","(34.0442, -118.2439)",34.0442,-118.2439
"ASSAULT WITH DEADLY WEAPON, AGGRAVATED ASSAULT","(34.0368, -118.2412)",34.0368,-118.2412
"ASSAULT WITH DEADLY WEAPON, AGGRAVATED ASSAULT","(34.0442, -118.2439)",34.0442,-118.2439
"ASSAULT WITH DEADLY WEAPON, AGGRAVATED ASSAULT","(34.0416, -118.244)",34.0416,-118.244
"ASSAULT WITH DEADLY WEAPON, AGGRAVATED ASSAULT","(34.0442, -118.2439)",34.0442,-118.2439
"ASSAULT WITH DEADLY WEAPON, AGGRAVATED ASSAULT","(34.0423, -118.2452)",34.0423,-118.2452
"ASSAULT WITH DEADLY WEAPON, AGGRAVATED ASSAULT","(34.0401, -118.2459)",34.0401,-118.2459
"ASSAULT WITH DEADLY WEAPON, AGGRAVATED ASSAULT","(34.0408, -118.2428)",34.0408,-118.2428
"ASSAULT WITH DEADLY WEAPON, AGGRAVATED ASSAULT","(34.0449, -118.2458)",34.0449,-118.2458
"ASSAULT WITH DEADLY WEAPON, AGGRAVATED ASSAULT","(34.0442, -118.2439)",34.0442,-118.2439
"ASSAULT WITH DEADLY WEAPON, AGGRAVATED ASSAULT","(34.0417, -118.2443)",34.0417,-118.2443
"ASSAULT WITH DEADLY WEAPON, AGGRAVATED ASSAULT","(34.0449, -118.2458)",34.0449,-118.2458
"ASSAULT WITH DEADLY WEAPON, AGGRAVATED ASSAULT","(34.0417, -118.2443)",34.0417,-118.2443
"ASSAULT WITH DEADLY WEAPON, AGGRAVATED ASSAULT","(34.0417, -118.2443)",34.0417,-118.2443
ROBBERY,"(34.0437, -118.2455)",34.0437,-118.2455
"ASSAULT WITH DEADLY WEAPON, AGGRAVATED ASSAULT","(34.0146, -118.313)",34.0146,-118.313
"ASSAULT WITH DEADLY WEAPON, AGGRAVATED ASSAULT","(34.0382, -118.2384)",34.0382,-118.2384
"ASSAULT WITH DEADLY WEAPON, AGGRAVATED ASSAULT","(34.0347, -118.2339)",34.0347,-118.2339
ROBBERY,"(34.035, -118.2386)",34.035,-118.2386
"ASSAULT WITH DEADLY WEAPON, AGGRAVATED ASSAULT","(34.0414, -118.2382)",34.0414,-118.2382
"ASSAULT WITH DEADLY WEAPON, AGGRAVATED ASSAULT","(34.0297, -118.2367)",34.0297,-118.2367
"ASSAULT WITH DEADLY WEAPON, AGGRAVATED ASSAULT","(34.0387, -118.2335)",34.0387,-118.2335
"ASSAULT WITH DEADLY WEAPON, AGGRAVATED ASSAULT","(34.035, -118.2386)",34.035,-118.2386
"ASSAULT WITH DEADLY WEAPON, AGGRAVATED ASSAULT","(34.0347, -118.2339)",34.0347,-118.2339
"ASSAULT WITH DEADLY WEAPON, AGGRAVATED ASSAULT","(34.0348, -118.235)",34.0348,-118.235
"ASSAULT WITH DEADLY WEAPON, AGGRAVATED ASSAULT","(34.0565, -118.2445)",34.0565,-118.2445
"ASSAULT WITH DEADLY WEAPON, AGGRAVATED ASSAULT","(34.0557, -118.2488)",34.0557,-118.2488
"ASSAULT WITH DEADLY WEAPON, AGGRAVATED ASSAULT","(34.06, -118.2486)",34.06,-118.2486
"ASSAULT WITH DEADLY WEAPON, AGGRAVATED ASSAULT","(34.0544, -118.2466)",34.0544,-118.2466
ROBBERY,"(34.0522, -118.2434)",34.0522,-118.2434
ROBBERY,"(34.0547, -118.2772)",34.0547,-118.2772
ROBBERY,"(34.0549, -118.2778)",34.0549,-118.2778
"ASSAULT WITH DEADLY WEAPON, AGGRAVATED ASSAULT","(34.0559, -118.2756)",34.0559,-118.2756
ROBBERY,"(34.0549, -118.2778)",34.0549,-118.2778
"ASSAULT WITH DEADLY WEAPON, AGGRAVATED ASSAULT","(34.0544, -118.2767)",34.0544,-118.2767
"ASSAULT WITH DEADLY WEAPON, AGGRAVATED ASSAULT","(34.0056, -118.2816)",34.0056,-118.2816
"ASSAULT WITH DEADLY WEAPON, AGGRAVATED ASSAULT","(34.0074, -118.285)",34.0074,-118.285
"ASSAULT WITH DEADLY WEAPON, AGGRAVATED ASSAULT","(34.0056, -118.2816)",34.0056,-118.2816
ROBBERY,"(34.0074, -118.285)",34.0074,-118.285
"ASSAULT WITH DEADLY WEAPON, AGGRAVATED ASSAULT","(34.0426, -118.2412)",34.0426,-118.2412
ROBBERY,"(34.0446, -118.245)",34.0446,-118.245
ROBBERY,"(34.048, -118.2438)",34.048,-118.2438
"ASSAULT WITH DEADLY WEAPON, AGGRAVATED ASSAULT","(34.0449, -118.2415)",34.0449,-118.2415
"ASSAULT WITH DEADLY WEAPON, AGGRAVATED ASSAULT","(34.0449, -118.2415)",34.0449,-118.2415
"ASSAULT WITH DEADLY WEAPON, AGGRAVATED ASSAULT","(34.0435, -118.2427)",34.0435,-118.2427
CRIMINAL HOMICIDE,"(34.0453, -118.2443)",34.0453,-118.2443
ROBBERY,"(34.0446, -118.245)",34.0446,-118.245
ROBBERY,"(34.0444, -118.2407)",34.0444,-118.2407
"ASSAULT WITH DEADLY WEAPON, AGGRAVATED ASSAULT","(34.0435, -118.2427)",34.0435,-118.2427
ROBBERY,"(34.0453, -118.2443)",34.0453,-118.2443
"RAPE, FORCIBLE","(34.0449, -118.2415)",34.0449,-118.2415
"ASSAULT WITH DEADLY WEAPON, AGGRAVATED ASSAULT","(34.0449, -118.2415)",34.0449,-118.2415
"ASSAULT WITH DEADLY WEAPON, AGGRAVATED ASSAULT","(34.0435, -118.2427)",34.0435,-118.2427
ROBBERY,"(34.0485, -118.2447)",34.0485,-118.2447
"ASSAULT WITH DEADLY WEAPON, AGGRAVATED ASSAULT","(34.0468, -118.2415)",34.0468,-118.2415
"RAPE, FORCIBLE","(34.0485, -118.2447)",34.0485,-118.2447
"ASSAULT WITH DEADLY WEAPON, AGGRAVATED ASSAULT","(34.0446, -118.245)",34.0446,-118.245
"ASSAULT WITH DEADLY WEAPON, AGGRAVATED ASSAULT","(34.0438, -118.2416)",34.0438,-118.2416
ROBBERY,"(34.0449, -118.2415)",34.0449,-118.2415
"RAPE, FORCIBLE","(34.0468, -118.2415)",34.0468,-118.2415
"ASSAULT WITH DEADLY WEAPON, AGGRAVATED ASSAULT","(34.0453, -118.2443)",34.0453,-118.2443
"ASSAULT WITH DEADLY WEAPON, AGGRAVATED ASSAULT","(34.0438, -118.2416)",34.0438,-118.2416
"ASSAULT WITH DEADLY WEAPON, AGGRAVATED ASSAULT","(34.0435, -118.2427)",34.0435,-118.2427
"ASSAULT WITH DEADLY WEAPON, AGGRAVATED ASSAULT","(34.0446, -118.245)",34.0446,-118.245
"ASSAULT WITH DEADLY WEAPON, AGGRAVATED ASSAULT","(34.0455, -118.2452)",34.0455,-118.2452
"ASSAULT WITH DEADLY WEAPON, AGGRAVATED ASSAULT","(34.048, -118.2438)",34.048,-118.2438
"ASSAULT WITH DEADLY WEAPON, AGGRAVATED ASSAULT","(34.0453, -118.2443)",34.0453,-118.2443
"ASSAULT WITH DEADLY WEAPON, AGGRAVATED ASSAULT","(34.0453, -118.2443)",34.0453,-118.2443
"ASSAULT WITH DEADLY WEAPON, AGGRAVATED ASSAULT","(34.0449, -118.2415)",34.0449,-118.2415
"ASSAULT WITH DEADLY WEAPON, AGGRAVATED ASSAULT","(34.0503, -118.2433)",34.0503,-118.2433
"ASSAULT WITH DEADLY WEAPON, AGGRAVATED ASSAULT","(34.0503, -118.2433)",34.0503,-118.2433
ROBBERY,"(34.0468, -118.2415)",34.0468,-118.2415
"ASSAULT WITH DEADLY WEAPON, AGGRAVATED ASSAULT","(34.0449, -118.2415)",34.0449,-118.2415
ROBBERY,"(34.0473, -118.2425)",34.0473,-118.2425
"ASSAULT WITH DEADLY WEAPON, AGGRAVATED ASSAULT","(34.0449, -118.2415)",34.0449,-118.2415
"ASSAULT WITH DEADLY WEAPON, AGGRAVATED ASSAULT","(34.0449, -118.2415)",34.0449,-118.2415
"RAPE, FORCIBLE","(34.0444, -118.2407)",34.0444,-118.2407
ROBBERY,"(34.0565, -118.2768)",34.0565,-118.2768
"ASSAULT WITH DEADLY WEAPON, AGGRAVATED ASSAULT","(34.0573, -118.2763)",34.0573,-118.2763
ROBBERY,"(34.0596, -118.2749)",34.0596,-118.2749
"ASSAULT WITH DEADLY WEAPON, AGGRAVATED ASSAULT","(34.057, -118.2779)",34.057,-118.2779
ROBBERY,"(34.0565, -118.2768)",34.0565,-118.2768
"ASSAULT WITH DEADLY WEAPON, AGGRAVATED ASSAULT","(34.0601, -118.2761)",34.0601,-118.2761
"ASSAULT WITH DEADLY WEAPON, AGGRAVATED ASSAULT","(34.0565, -118.2768)",34.0565,-118.2768
"ASSAULT WITH DEADLY WEAPON, AGGRAVATED ASSAULT","(34.0565, -118.2768)",34.0565,-118.2768
"ASSAULT WITH DEADLY WEAPON, AGGRAVATED ASSAULT","(34.0565, -118.2768)",34.0565,-118.2768
ROBBERY,"(34.0601, -118.2761)",34.0601,-118.2761
"ASSAULT WITH DEADLY WEAPON, AGGRAVATED ASSAULT","(34.0601, -118.2761)",34.0601,-118.2761
"RAPE, FORCIBLE","(34.0565, -118.2768)",34.0565,-118.2768
ROBBERY,"(34.0596, -118.2749)",34.0596,-118.2749
ROBBERY,"(34.0596, -118.2749)",34.0596,-118.2749
"ASSAULT WITH DEADLY WEAPON, AGGRAVATED ASSAULT","(34.0596, -118.2749)",34.0596,-118.2749
"RAPE, FORCIBLE","(34.0601, -118.2761)",34.0601,-118.2761
"RAPE, FORCIBLE","(34.0601, -118.2761)",34.0601,-118.2761
ROBBERY,"(34.0596, -118.2749)",34.0596,-118.2749
ROBBERY,"(34.0596, -118.2749)",34.0596,-118.2749
"ASSAULT WITH DEADLY WEAPON, AGGRAVATED ASSAULT","(34.0596, -118.2749)",34.0596,-118.2749
ROBBERY,"(34.058, -118.2759)",34.058,-118.2759
"ASSAULT WITH DEADLY WEAPON, AGGRAVATED ASSAULT","(34.0601, -118.2761)",34.0601,-118.2761
ROBBERY,"(34.0565, -118.2768)",34.0565,-118.2768
ROBBERY,"(34.0573, -118.2763)",34.0573,-118.2763
ROBBERY,"(34.0565, -118.2768)",34.0565,-118.2768
ROBBERY,"(34.0565, -118.2768)",34.0565,-118.2768
ROBBERY,"(34.0596, -118.2749)",34.0596,-118.2749
"ASSAULT WITH DEADLY WEAPON, AGGRAVATED ASSAULT","(34.0234, -118.2177)",34.0234,-118.2177
"ASSAULT WITH DEADLY WEAPON, AGGRAVATED ASSAULT","(34.0187, -118.2118)",34.0187,-118.2118
ROBBERY,"(34.0487, -118.4413)",34.0487,-118.4413
"ASSAULT WITH DEADLY WEAPON, AGGRAVATED ASSAULT","(34.0495, -118.4387)",34.0495,-118.4387
"ASSAULT WITH DEADLY WEAPON, AGGRAVATED ASSAULT","(34.2202, -118.571)",34.2202,-118.571
ROBBERY,"(34.1649, -118.379)",34.1649,-118.379
"ASSAULT WITH DEADLY WEAPON, AGGRAVATED ASSAULT","(34.1681, -118.379)",34.1681,-118.379
ROBBERY,"(34.1649, -118.379)",34.1649,-118.379
"ASSAULT WITH DEADLY WEAPON, AGGRAVATED ASSAULT","(34.1649, -118.379)",34.1649,-118.379
"ASSAULT WITH DEADLY WEAPON, AGGRAVATED ASSAULT","(33.951, -118.2396)",33.951,-118.2396
"ASSAULT WITH DEADLY WEAPON, AGGRAVATED ASSAULT","(33.9506, -118.2363)",33.9506,-118.2363
"ASSAULT WITH DEADLY WEAPON, AGGRAVATED ASSAULT","(33.9515, -118.2419)",33.9515,-118.2419
"ASSAULT WITH DEADLY WEAPON, AGGRAVATED ASSAULT","(34.0544, -118.2378)",34.0544,-118.2378
"RAPE, FORCIBLE","(34.0563, -118.2374)",34.0563,-118.2374
"ASSAULT WITH DEADLY WEAPON, AGGRAVATED ASSAULT","(34.0566, -118.2319)",34.0566,-118.2319
"RAPE, FORCIBLE","(34.0563, -118.2374)",34.0563,-118.2374
ROBBERY,"(34.0563, -118.2374)",34.0563,-118.2374
"ASSAULT WITH DEADLY WEAPON, AGGRAVATED ASSAULT","(34.0563, -118.2374)",34.0563,-118.2374
ROBBERY,"(34.2246, -118.571)",34.2246,-118.571
"ASSAULT WITH DEADLY WEAPON, AGGRAVATED ASSAULT","(34.232, -118.5623)",34.232,-118.5623
"ASSAULT WITH DEADLY WEAPON, AGGRAVATED ASSAULT","(34.2312, -118.5632)",34.2312,-118.5632
ROBBERY,"(34.2303, -118.5645)",34.2303,-118.5645
"ASSAULT WITH DEADLY WEAPON, AGGRAVATED ASSAULT","(34.0641, -118.248)",34.0641,-118.248
ROBBERY,"(34.1802, -118.44)",34.1802,-118.44
"ASSAULT WITH DEADLY WEAPON, AGGRAVATED ASSAULT","(34.1802, -118.4487)",34.1802,-118.4487
"ASSAULT WITH DEADLY WEAPON, AGGRAVATED ASSAULT","(34.1852, -118.4837)",34.1852,-118.4837
"ASSAULT WITH DEADLY WEAPON, AGGRAVATED ASSAULT","(33.7799, -118.2637)",33.7799,-118.2637
"ASSAULT WITH DEADLY WEAPON, AGGRAVATED ASSAULT","(33.9601, -118.2782)",33.9601,-118.2782
ROBBERY,"(33.964, -118.2739)",33.964,-118.2739
"ASSAULT WITH DEADLY WEAPON, AGGRAVATED ASSAULT","(33.9601, -118.2782)",33.9601,-118.2782
ROBBERY,"(34.0349, -118.263)",34.0349,-118.263
"ASSAULT WITH DEADLY WEAPON, AGGRAVATED ASSAULT","(34.0321, -118.2599)",34.0321,-118.2599
"ASSAULT WITH DEADLY WEAPON, AGGRAVATED ASSAULT","(34.0363, -118.2672)",34.0363,-118.2672
"ASSAULT WITH DEADLY WEAPON, AGGRAVATED ASSAULT","(34.0363, -118.2672)",34.0363,-118.2672
CRIMINAL HOMICIDE,"(34.0398, -118.2726)",34.0398,-118.2726
"ASSAULT WITH DEADLY WEAPON, AGGRAVATED ASSAULT","(34.0321, -118.2599)",34.0321,-118.2599
ROBBERY,"(34.0467, -118.2556)",34.0467,-118.2556
"ASSAULT WITH DEADLY WEAPON, AGGRAVATED ASSAULT","(34.0407, -118.268)",34.0407,-118.268
ROBBERY,"(34.0467, -118.2556)",34.0467,-118.2556
"ASSAULT WITH DEADLY WEAPON, AGGRAVATED ASSAULT","(34.0467, -118.2556)",34.0467,-118.2556
"ASSAULT WITH DEADLY WEAPON, AGGRAVATED ASSAULT","(34.0495, -118.2529)",34.0495,-118.2529
"ASSAULT WITH DEADLY WEAPON, AGGRAVATED ASSAULT","(34.0495, -118.2529)",34.0495,-118.2529
ROBBERY,"(34.0473, -118.2601)",34.0473,-118.2601
"ASSAULT WITH DEADLY WEAPON, AGGRAVATED ASSAULT","(34.0463, -118.255)",34.0463,-118.255
ROBBERY,"(34.048, -118.2577)",34.048,-118.2577
"RAPE, FORCIBLE","(34.0495, -118.2529)",34.0495,-118.2529
"ASSAULT WITH DEADLY WEAPON, AGGRAVATED ASSAULT","(34.0502, -118.254)",34.0502,-118.254
"ASSAULT WITH DEADLY WEAPON, AGGRAVATED ASSAULT","(34.0502, -118.254)",34.0502,-118.254
"ASSAULT WITH DEADLY WEAPON, AGGRAVATED ASSAULT","(34.0491, -118.2558)",34.0491,-118.2558
"ASSAULT WITH DEADLY WEAPON, AGGRAVATED ASSAULT","(34.0462, -118.2585)",34.0462,-118.2585
ROBBERY,"(34.0473, -118.2601)",34.0473,-118.2601
"ASSAULT WITH DEADLY WEAPON, AGGRAVATED ASSAULT","(34.0509, -118.2585)",34.0509,-118.2585
ROBBERY,"(34.0488, -118.2518)",34.0488,-118.2518
"RAPE, FORCIBLE","(34.0519, -118.2531)",34.0519,-118.2531
"ASSAULT WITH DEADLY WEAPON, AGGRAVATED ASSAULT","(33.997, -118.4761)",33.997,-118.4761
"ASSAULT WITH DEADLY WEAPON, AGGRAVATED ASSAULT","(33.997, -118.4761)",33.997,-118.4761
"ASSAULT WITH DEADLY WEAPON, AGGRAVATED ASSAULT","(33.997, -118.4761)",33.997,-118.4761
"ASSAULT WITH DEADLY WEAPON, AGGRAVATED ASSAULT","(33.997, -118.4761)",33.997,-118.4761
ROBBERY,"(33.997, -118.4761)",33.997,-118.4761
"ASSAULT WITH DEADLY WEAPON, AGGRAVATED ASSAULT","(33.997, -118.4761)",33.997,-118.4761
"ASSAULT WITH DEADLY WEAPON, AGGRAVATED ASSAULT","(33.9958, -118.472)",33.9958,-118.472
"ASSAULT WITH DEADLY WEAPON, AGGRAVATED ASSAULT","(33.9509, -118.3725)",33.9509,-118.3725
"ASSAULT WITH DEADLY WEAPON, AGGRAVATED ASSAULT","(33.9502, -118.3763)",33.9502,-118.3763
ROBBERY,"(33.9493, -118.3734)",33.9493,-118.3734
"ASSAULT WITH DEADLY WEAPON, AGGRAVATED ASSAULT","(33.9486, -118.3729)",33.9486,-118.3729
"ASSAULT WITH DEADLY WEAPON, AGGRAVATED ASSAULT","(33.9493, -118.3725)",33.9493,-118.3725
ROBBERY,"(33.9495, -118.3766)",33.9495,-118.3766
"ASSAULT WITH DEADLY WEAPON, AGGRAVATED ASSAULT","(34.0461, -118.2476)",34.0461,-118.2476
"RAPE, FORCIBLE","(34.046, -118.2509)",34.046,-118.2509
ROBBERY,"(34.0471, -118.2491)",34.0471,-118.2491
"ASSAULT WITH DEADLY WEAPON, AGGRAVATED ASSAULT","(34.0474, -118.2496)",34.0474,-118.2496
"ASSAULT WITH DEADLY WEAPON, AGGRAVATED ASSAULT","(34.0446, -118.249)",34.0446,-118.249
ROBBERY,"(34.0474, -118.2496)",34.0474,-118.2496
"ASSAULT WITH DEADLY WEAPON, AGGRAVATED ASSAULT","(34.014, -118.2816)",34.014,-118.2816
"ASSAULT WITH DEADLY WEAPON, AGGRAVATED ASSAULT","(34.0111, -118.2784)",34.0111,-118.2784
ROBBERY,"(34.0131, -118.2791)",34.0131,-118.2791
"ASSAULT WITH DEADLY WEAPON, AGGRAVATED ASSAULT","(34.0141, -118.277)",34.0141,-118.277
"ASSAULT WITH DEADLY WEAPON, AGGRAVATED ASSAULT","(34.0126, -118.278)",34.0126,-118.278
ARSON,"(34.0121, -118.274)",34.0121,-118.274
ROBBERY,"(34.0126, -118.278)",34.0126,-118.278
"ASSAULT WITH DEADLY WEAPON, AGGRAVATED ASSAULT","(34.0126, -118.278)",34.0126,-118.278
ROBBERY,"(34.0155, -118.2772)",34.0155,-118.2772
"ASSAULT WITH DEADLY WEAPON, AGGRAVATED ASSAULT","(34.0126, -118.278)",34.0126,-118.278
"ASSAULT WITH DEADLY WEAPON, AGGRAVATED ASSAULT","(34.1205, -118.2514)",34.1205,-118.2514
"ASSAULT WITH DEADLY WEAPON, AGGRAVATED ASSAULT","(34.1205, -118.2514)",34.1205,-118.2514
ROBBERY,"(34.0759, -118.2668)",34.0759,-118.2668
"ASSAULT WITH DEADLY WEAPON, AGGRAVATED ASSAULT","(34.0721, -118.2669)",34.0721,-118.2669
ROBBERY,"(34.0716, -118.2719)",34.0716,-118.2719
"ASSAULT WITH DEADLY WEAPON, AGGRAVATED ASSAULT","(33.9586, -118.2761)",33.9586,-118.2761
ROBBERY,"(33.9593, -118.2782)",33.9593,-118.2782
"ASSAULT WITH DEADLY WEAPON, AGGRAVATED ASSAULT","(33.9778, -118.3003)",33.9778,-118.3003
"ASSAULT WITH DEADLY WEAPON, AGGRAVATED ASSAULT","(33.9762, -118.3024)",33.9762,-118.3024
"ASSAULT WITH DEADLY WEAPON, AGGRAVATED ASSAULT","(33.9746, -118.3003)",33.9746,-118.3003
"ASSAULT WITH DEADLY WEAPON, AGGRAVATED ASSAULT","(34.0632, -118.2349)",34.0632,-118.2349
ROBBERY,"(34.0673, -118.2372)",34.0673,-118.2372
"ASSAULT WITH DEADLY WEAPON, AGGRAVATED ASSAULT","(34.0656, -118.232)",34.0656,-118.232
"ASSAULT WITH DEADLY WEAPON, AGGRAVATED ASSAULT","(34.1052, -118.2023)",34.1052,-118.2023
"ASSAULT WITH DEADLY WEAPON, AGGRAVATED ASSAULT","(34.1063, -118.1995)",34.1063,-118.1995
"ASSAULT WITH DEADLY WEAPON, AGGRAVATED ASSAULT","(34.1074, -118.1978)",34.1074,-118.1978
"ASSAULT WITH DEADLY WEAPON, AGGRAVATED ASSAULT","(34.0465, -118.4484)",34.0465,-118.4484
ROBBERY,"(34.0465, -118.4484)",34.0465,-118.4484
ROBBERY,"(34.0459, -118.4507)",34.0459,-118.4507
"RAPE, FORCIBLE","(34.0279, -118.5188)",34.0279,-118.5188
"ASSAULT WITH DEADLY WEAPON, AGGRAVATED ASSAULT","(34.1758, -118.3643)",34.1758,-118.3643
"ASSAULT WITH DEADLY WEAPON, AGGRAVATED ASSAULT","(34.1794, -118.3615)",34.1794,-118.3615
"ASSAULT WITH DEADLY WEAPON, AGGRAVATED ASSAULT","(33.9601, -118.287)",33.9601,-118.287
"ASSAULT WITH DEADLY WEAPON, AGGRAVATED ASSAULT","(33.9601, -118.2827)",33.9601,-118.2827
"ASSAULT WITH DEADLY WEAPON, AGGRAVATED ASSAULT","(33.9632, -118.2827)",33.9632,-118.2827
"ASSAULT WITH DEADLY WEAPON, AGGRAVATED ASSAULT","(33.9601, -118.287)",33.9601,-118.287
"ASSAULT WITH DEADLY WEAPON, AGGRAVATED ASSAULT","(33.9613, -118.2871)",33.9613,-118.2871
ROBBERY,"(34.0407, -118.2468)",34.0407,-118.2468
"ASSAULT WITH DEADLY WEAPON, AGGRAVATED ASSAULT","(34.026, -118.2412)",34.026,-118.2412
ROBBERY,"(34.0407, -118.2468)",34.0407,-118.2468
"ASSAULT WITH DEADLY WEAPON, AGGRAVATED ASSAULT","(34.0407, -118.2468)",34.0407,-118.2468
"ASSAULT WITH DEADLY WEAPON, AGGRAVATED ASSAULT","(34.0395, -118.2527)",34.0395,-118.2527
"ASSAULT WITH DEADLY WEAPON, AGGRAVATED ASSAULT","(34.0241, -118.2446)",34.0241,-118.2446
"ASSAULT WITH DEADLY WEAPON, AGGRAVATED ASSAULT","(34.032, -118.2441)",34.032,-118.2441
"RAPE, FORCIBLE","(34.028, -118.2421)",34.028,-118.2421
"ASSAULT WITH DEADLY WEAPON, AGGRAVATED ASSAULT","(34.0407, -118.2468)",34.0407,-118.2468
ROBBERY,"(34.0407, -118.2468)",34.0407,-118.2468
ROBBERY,"(34.0407, -118.2468)",34.0407,-118.2468
ROBBERY,"(34.0349, -118.2503)",34.0349,-118.2503
"ASSAULT WITH DEADLY WEAPON, AGGRAVATED ASSAULT","(34.026, -118.2412)",34.026,-118.2412
"ASSAULT WITH DEADLY WEAPON, AGGRAVATED ASSAULT","(34.0293, -118.241)",34.0293,-118.241
"ASSAULT WITH DEADLY WEAPON, AGGRAVATED ASSAULT","(34.0341, -118.2507)",34.0341,-118.2507
"ASSAULT WITH DEADLY WEAPON, AGGRAVATED ASSAULT","(34.0382, -118.2432)",34.0382,-118.2432
"ASSAULT WITH DEADLY WEAPON, AGGRAVATED ASSAULT","(34.0419, -118.2485)",34.0419,-118.2485
ROBBERY,"(34.0373, -118.2503)",34.0373,-118.2503
"RAPE, FORCIBLE","(34.0328, -118.254)",34.0328,-118.254
"ASSAULT WITH DEADLY WEAPON, AGGRAVATED ASSAULT","(34.0245, -118.244)",34.0245,-118.244
"RAPE, FORCIBLE","(34.0407, -118.2468)",34.0407,-118.2468
ROBBERY,"(34.0378, -118.2456)",34.0378,-118.2456
"ASSAULT WITH DEADLY WEAPON, AGGRAVATED ASSAULT","(34.039, -118.2444)",34.039,-118.2444
"ASSAULT WITH DEADLY WEAPON, AGGRAVATED ASSAULT","(34.039, -118.2444)",34.039,-118.2444
"ASSAULT WITH DEADLY WEAPON, AGGRAVATED ASSAULT","(34.0407, -118.2468)",34.0407,-118.2468
"ASSAULT WITH DEADLY WEAPON, AGGRAVATED ASSAULT","(34.039, -118.2444)",34.039,-118.2444
"ASSAULT WITH DEADLY WEAPON, AGGRAVATED ASSAULT","(34.032, -118.2441)",34.032,-118.2441
"ASSAULT WITH DEADLY WEAPON, AGGRAVATED ASSAULT","(34.0272, -118.248)",34.0272,-118.248
"ASSAULT WITH DEADLY WEAPON, AGGRAVATED ASSAULT","(34.0395, -118.248)",34.0395,-118.248
"ASSAULT WITH DEADLY WEAPON, AGGRAVATED ASSAULT","(34.0248, -118.2441)",34.0248,-118.2441
"ASSAULT WITH DEADLY WEAPON, AGGRAVATED ASSAULT","(34.0407, -118.2468)",34.0407,-118.2468
"ASSAULT WITH DEADLY WEAPON, AGGRAVATED ASSAULT","(34.0378, -118.2483)",34.0378,-118.2483
ROBBERY,"(34.0407, -118.2468)",34.0407,-118.2468
ARSON,"(34.0359, -118.246)",34.0359,-118.246
"ASSAULT WITH DEADLY WEAPON, AGGRAVATED ASSAULT","(34.031, -118.2448)",34.031,-118.2448
"ASSAULT WITH DEADLY WEAPON, AGGRAVATED ASSAULT","(34.031, -118.2586)",34.031,-118.2586
"ASSAULT WITH DEADLY WEAPON, AGGRAVATED ASSAULT","(34.0341, -118.2507)",34.0341,-118.2507
"ASSAULT WITH DEADLY WEAPON, AGGRAVATED ASSAULT","(34.0329, -118.2493)",34.0329,-118.2493
"ASSAULT WITH DEADLY WEAPON, AGGRAVATED ASSAULT","(34.0293, -118.2427)",34.0293,-118.2427
"ASSAULT WITH DEADLY WEAPON, AGGRAVATED ASSAULT","(34.0248, -118.2441)",34.0248,-118.2441
ROBBERY,"(34.0341, -118.2507)",34.0341,-118.2507
ROBBERY,"(34.0401, -118.2533)",34.0401,-118.2533
"ASSAULT WITH DEADLY WEAPON, AGGRAVATED ASSAULT","(34.0395, -118.2527)",34.0395,-118.2527
"ASSAULT WITH DEADLY WEAPON, AGGRAVATED ASSAULT","(34.0357, -118.2485)",34.0357,-118.2485
"ASSAULT WITH DEADLY WEAPON, AGGRAVATED ASSAULT","(34.0419, -118.2485)",34.0419,-118.2485
"RAPE, FORCIBLE","(34.0503, -118.2765)",34.0503,-118.2765
"ASSAULT WITH DEADLY WEAPON, AGGRAVATED ASSAULT","(34.0517, -118.2798)",34.0517,-118.2798
ROBBERY,"(34.2301, -118.4633)",34.2301,-118.4633
"ASSAULT WITH DEADLY WEAPON, AGGRAVATED ASSAULT","(34.2286, -118.4644)",34.2286,-118.4644
"ASSAULT WITH DEADLY WEAPON, AGGRAVATED ASSAULT","(34.0559, -118.2386)",34.0559,-118.2386
"ASSAULT WITH DEADLY WEAPON, AGGRAVATED ASSAULT","(34.0615, -118.2412)",34.0615,-118.2412
"ASSAULT WITH DEADLY WEAPON, AGGRAVATED ASSAULT","(34.0565, -118.2411)",34.0565,-118.2411
"RAPE, FORCIBLE","(34.0558, -118.24)",34.0558,-118.24
"ASSAULT WITH DEADLY WEAPON, AGGRAVATED ASSAULT","(34.0558, -118.24)",34.0558,-118.24
"ASSAULT WITH DEADLY WEAPON, AGGRAVATED ASSAULT","(34.0558, -118.24)",34.0558,-118.24
ROBBERY,"(34.0553, -118.2391)",34.0553,-118.2391
"RAPE, FORCIBLE","(34.0558, -118.24)",34.0558,-118.24
ROBBERY,"(34.0615, -118.2412)",34.0615,-118.2412
"ASSAULT WITH DEADLY WEAPON, AGGRAVATED ASSAULT","(34.0776, -118.2594)",34.0776,-118.2594
"ASSAULT WITH DEADLY WEAPON, AGGRAVATED ASSAULT","(34.0757, -118.2605)",34.0757,-118.2605
"ASSAULT WITH DEADLY WEAPON, AGGRAVATED ASSAULT","(34.0772, -118.2584)",34.0772,-118.2584
"ASSAULT WITH DEADLY WEAPON, AGGRAVATED ASSAULT","(34.1994, -118.4052)",34.1994,-118.4052
"RAPE, FORCIBLE","(34.0524, -118.2842)",34.0524,-118.2842
"ASSAULT WITH DEADLY WEAPON, AGGRAVATED ASSAULT","(33.9933, -118.4765)",33.9933,-118.4765
"ASSAULT WITH DEADLY WEAPON, AGGRAVATED ASSAULT","(33.9931, -118.4748)",33.9931,-118.4748
"ASSAULT WITH DEADLY WEAPON, AGGRAVATED ASSAULT","(33.9953, -118.481)",33.9953,-118.481
"ASSAULT WITH DEADLY WEAPON, AGGRAVATED ASSAULT","(33.9898, -118.4756)",33.9898,-118.4756
"ASSAULT WITH DEADLY WEAPON, AGGRAVATED ASSAULT","(33.9918, -118.4767)",33.9918,-118.4767
"ASSAULT WITH DEADLY WEAPON, AGGRAVATED ASSAULT","(33.9906, -118.4769)",33.9906,-118.4769
"ASSAULT WITH DEADLY WEAPON, AGGRAVATED ASSAULT","(33.9933, -118.4765)",33.9933,-118.4765
"ASSAULT WITH DEADLY WEAPON, AGGRAVATED ASSAULT","(33.9942, -118.4798)",33.9942,-118.4798
"ASSAULT WITH DEADLY WEAPON, AGGRAVATED ASSAULT","(33.994, -118.4798)",33.994,-118.4798
"ASSAULT WITH DEADLY WEAPON, AGGRAVATED ASSAULT","(33.9933, -118.4765)",33.9933,-118.4765
"ASSAULT WITH DEADLY WEAPON, AGGRAVATED ASSAULT","(33.9913, -118.4775)",33.9913,-118.4775
"ASSAULT WITH DEADLY WEAPON, AGGRAVATED ASSAULT","(33.9926, -118.4787)",33.9926,-118.4787
ROBBERY,"(33.9933, -118.4765)",33.9933,-118.4765
"ASSAULT WITH DEADLY WEAPON, AGGRAVATED ASSAULT","(33.9892, -118.4751)",33.9892,-118.4751
ROBBERY,"(33.9918, -118.4791)",33.9918,-118.4791
"ASSAULT WITH DEADLY WEAPON, AGGRAVATED ASSAULT","(34.0541, -118.2621)",34.0541,-118.2621
"RAPE, FORCIBLE","(34.0542, -118.2611)",34.0542,-118.2611
ROBBERY,"(34.0509, -118.2642)",34.0509,-118.2642
"RAPE, FORCIBLE","(34.0777, -118.2892)",34.0777,-118.2892
"ASSAULT WITH DEADLY WEAPON, AGGRAVATED ASSAULT","(34.0818, -118.2868)",34.0818,-118.2868
"ASSAULT WITH DEADLY WEAPON, AGGRAVATED ASSAULT","(34.0777, -118.2892)",34.0777,-118.2892
"ASSAULT WITH DEADLY WEAPON, AGGRAVATED ASSAULT","(34.0764, -118.2894)",34.0764,-118.2894
"ASSAULT WITH DEADLY WEAPON, AGGRAVATED ASSAULT","(34.0764, -118.2903)",34.0764,-118.2903
ROBBERY,"(34.08, -118.2881)",34.08,-118.2881
"ASSAULT WITH DEADLY WEAPON, AGGRAVATED ASSAULT","(34.0794, -118.2868)",34.0794,-118.2868
ROBBERY,"(34.0777, -118.2903)",34.0777,-118.2903
ROBBERY,"(34.0764, -118.2903)",34.0764,-118.2903
ROBBERY,"(34.08, -118.2881)",34.08,-118.2881
ROBBERY,"(34.0764, -118.2894)",34.0764,-118.2894
ROBBERY,"(34.08, -118.2881)",34.08,-118.2881
ROBBERY,"(34.0777, -118.2903)",34.0777,-118.2903
"ASSAULT WITH DEADLY WEAPON, AGGRAVATED ASSAULT","(34.0042, -118.3315)",34.0042,-118.3315
"RAPE, FORCIBLE","(34.0054, -118.3338)",34.0054,-118.3338
ROBBERY,"(34.006, -118.3315)",34.006,-118.3315
"ASSAULT WITH DEADLY WEAPON, AGGRAVATED ASSAULT","(34.006, -118.3315)",34.006,-118.3315
"ASSAULT WITH DEADLY WEAPON, AGGRAVATED ASSAULT","(33.9943, -118.2739)",33.9943,-118.2739
"ASSAULT WITH DEADLY WEAPON, AGGRAVATED ASSAULT","(34.2006, -118.3965)",34.2006,-118.3965
"ASSAULT WITH DEADLY WEAPON, AGGRAVATED ASSAULT","(34.1722, -118.379)",34.1722,-118.379
"ASSAULT WITH DEADLY WEAPON, AGGRAVATED ASSAULT","(34.2799, -118.4032)",34.2799,-118.4032
"ASSAULT WITH DEADLY WEAPON, AGGRAVATED ASSAULT","(34.2799, -118.4032)",34.2799,-118.4032
ROBBERY,"(34.0605, -118.2815)",34.0605,-118.2815
"ASSAULT WITH DEADLY WEAPON, AGGRAVATED ASSAULT","(34.0624, -118.2813)",34.0624,-118.2813
"ASSAULT WITH DEADLY WEAPON, AGGRAVATED ASSAULT","(34.0594, -118.2833)",34.0594,-118.2833
"ASSAULT WITH DEADLY WEAPON, AGGRAVATED ASSAULT","(34.0624, -118.2813)",34.0624,-118.2813
"ASSAULT WITH DEADLY WEAPON, AGGRAVATED ASSAULT","(34.04, -118.4393)",34.04,-118.4393
"ASSAULT WITH DEADLY WEAPON, AGGRAVATED ASSAULT","(34.0437, -118.443)",34.0437,-118.443
"ASSAULT WITH DEADLY WEAPON, AGGRAVATED ASSAULT","(33.9885, -118.4749)",33.9885,-118.4749
"ASSAULT WITH DEADLY WEAPON, AGGRAVATED ASSAULT","(33.9858, -118.4727)",33.9858,-118.4727
"ASSAULT WITH DEADLY WEAPON, AGGRAVATED ASSAULT","(33.988, -118.4703)",33.988,-118.4703
"ASSAULT WITH DEADLY WEAPON, AGGRAVATED ASSAULT","(33.9874, -118.472)",33.9874,-118.472
"ASSAULT WITH DEADLY WEAPON, AGGRAVATED ASSAULT","(33.9858, -118.4727)",33.9858,-118.4727
"ASSAULT WITH DEADLY WEAPON, AGGRAVATED ASSAULT","(33.9875, -118.4741)",33.9875,-118.4741
"ASSAULT WITH DEADLY WEAPON, AGGRAVATED ASSAULT","(33.9871, -118.4733)",33.9871,-118.4733
"ASSAULT WITH DEADLY WEAPON, AGGRAVATED ASSAULT","(33.9871, -118.4733)",33.9871,-118.4733
ROBBERY,"(34.1649, -118.3615)",34.1649,-118.3615
ROBBERY,"(34.0637, -118.2857)",34.0637,-118.2857
"ASSAULT WITH DEADLY WEAPON, AGGRAVATED ASSAULT","(34.0637, -118.2916)",34.0637,-118.2916
"RAPE, FORCIBLE","(34.0618, -118.2916)",34.0618,-118.2916
"ASSAULT WITH DEADLY WEAPON, AGGRAVATED ASSAULT","(34.1325, -118.3974)",34.1325,-118.3974
ROBBERY,"(34.1444, -118.3956)",34.1444,-118.3956
ROBBERY,"(34.0719, -118.2822)",34.0719,-118.2822
"ASSAULT WITH DEADLY WEAPON, AGGRAVATED ASSAULT","(34.0707, -118.2795)",34.0707,-118.2795
"ASSAULT WITH DEADLY WEAPON, AGGRAVATED ASSAULT","(34.023, -118.351)",34.023,-118.351
"ASSAULT WITH DEADLY WEAPON, AGGRAVATED ASSAULT","(34.023, -118.351)",34.023,-118.351
"ASSAULT WITH DEADLY WEAPON, AGGRAVATED ASSAULT","(34.023, -118.351)",34.023,-118.351
"ASSAULT WITH DEADLY WEAPON, AGGRAVATED ASSAULT","(34.0283, -118.3492)",34.0283,-118.3492
"RAPE, FORCIBLE","(34.023, -118.351)",34.023,-118.351
ROBBERY,"(34.1504, -118.3658)",34.1504,-118.3658
"ASSAULT WITH DEADLY WEAPON, AGGRAVATED ASSAULT","(34.1522, -118.3571)",34.1522,-118.3571
"ASSAULT WITH DEADLY WEAPON, AGGRAVATED ASSAULT","(34.1523, -118.3664)",34.1523,-118.3664
ROBBERY,"(34.0467, -118.252)",34.0467,-118.252
"ASSAULT WITH DEADLY WEAPON, AGGRAVATED ASSAULT","(34.0445, -118.2523)",34.0445,-118.2523
ROBBERY,"(34.0481, -118.2507)",34.0481,-118.2507
"ASSAULT WITH DEADLY WEAPON, AGGRAVATED ASSAULT","(34.0467, -118.252)",34.0467,-118.252
ROBBERY,"(34.0467, -118.252)",34.0467,-118.252
"RAPE, FORCIBLE","(34.0485, -118.2513)",34.0485,-118.2513
"ASSAULT WITH DEADLY WEAPON, AGGRAVATED ASSAULT","(34.0452, -118.2534)",34.0452,-118.2534
ROBBERY,"(34.0439, -118.2514)",34.0439,-118.2514
"ASSAULT WITH DEADLY WEAPON, AGGRAVATED ASSAULT","(34.0495, -118.2494)",34.0495,-118.2494
"ASSAULT WITH DEADLY WEAPON, AGGRAVATED ASSAULT","(34.0426, -118.2528)",34.0426,-118.2528
"RAPE, FORCIBLE","(34.0736, -118.1724)",34.0736,-118.1724
ROBBERY,"(34.0524, -118.2907)",34.0524,-118.2907
ROBBERY,"(33.7812, -118.2625)",33.7812,-118.2625
"ASSAULT WITH DEADLY WEAPON, AGGRAVATED ASSAULT","(33.7785, -118.2623)",33.7785,-118.2623
ROBBERY,"(33.7812, -118.2625)",33.7812,-118.2625
"ASSAULT WITH DEADLY WEAPON, AGGRAVATED ASSAULT","(33.7757, -118.2608)",33.7757,-118.2608
"ASSAULT WITH DEADLY WEAPON, AGGRAVATED ASSAULT","(34.1372, -118.2118)",34.1372,-118.2118
"ASSAULT WITH DEADLY WEAPON, AGGRAVATED ASSAULT","(34.1372, -118.2118)",34.1372,-118.2118
"ASSAULT WITH DEADLY WEAPON, AGGRAVATED ASSAULT","(34.1361, -118.215)",34.1361,-118.215
"ASSAULT WITH DEADLY WEAPON, AGGRAVATED ASSAULT","(33.9602, -118.2564)",33.9602,-118.2564
ROBBERY,"(34.0618, -118.2941)",34.0618,-118.2941
"ASSAULT WITH DEADLY WEAPON, AGGRAVATED ASSAULT","(34.0618, -118.2929)",34.0618,-118.2929
"ASSAULT WITH DEADLY WEAPON, AGGRAVATED ASSAULT","(34.0636, -118.296)",34.0636,-118.296
"ASSAULT WITH DEADLY WEAPON, AGGRAVATED ASSAULT","(34.2157, -118.391)",34.2157,-118.391
ROBBERY,"(34.2166, -118.3919)",34.2166,-118.3919
"ASSAULT WITH DEADLY WEAPON, AGGRAVATED ASSAULT","(34.2121, -118.3889)",34.2121,-118.3889
"RAPE, FORCIBLE","(34.2121, -118.3889)",34.2121,-118.3889
"ASSAULT WITH DEADLY WEAPON, AGGRAVATED ASSAULT","(34.2261, -118.3878)",34.2261,-118.3878
"RAPE, FORCIBLE","(34.2121, -118.3889)",34.2121,-118.3889
ROBBERY,"(34.2012, -118.5055)",34.2012,-118.5055
"ASSAULT WITH DEADLY WEAPON, AGGRAVATED ASSAULT","(34.2011, -118.5186)",34.2011,-118.5186
"ASSAULT WITH DEADLY WEAPON, AGGRAVATED ASSAULT","(33.7361, -118.2923)",33.7361,-118.2923
"ASSAULT WITH DEADLY WEAPON, AGGRAVATED ASSAULT","(33.7361, -118.2946)",33.7361,-118.2946
"RAPE, FORCIBLE","(33.7424, -118.2923)",33.7424,-118.2923
"ASSAULT WITH DEADLY WEAPON, AGGRAVATED ASSAULT","(33.9863, -118.2881)",33.9863,-118.2881
"ASSAULT WITH DEADLY WEAPON, AGGRAVATED ASSAULT","(34.2012, -118.4211)",34.2012,-118.4211
"ASSAULT WITH DEADLY WEAPON, AGGRAVATED ASSAULT","(34.2012, -118.4182)",34.2012,-118.4182
"ASSAULT WITH DEADLY WEAPON, AGGRAVATED ASSAULT","(34.2063, -118.4225)",34.2063,-118.4225
"ASSAULT WITH DEADLY WEAPON, AGGRAVATED ASSAULT","(34.2012, -118.4225)",34.2012,-118.4225
ROBBERY,"(34.2037, -118.421)",34.2037,-118.421
ROBBERY,"(34.1032, -118.3387)",34.1032,-118.3387
"ASSAULT WITH DEADLY WEAPON, AGGRAVATED ASSAULT","(34.1034, -118.3325)",34.1034,-118.3325
"ASSAULT WITH DEADLY WEAPON, AGGRAVATED ASSAULT","(34.1016, -118.3361)",34.1016,-118.3361
"ASSAULT WITH DEADLY WEAPON, AGGRAVATED ASSAULT","(33.989, -118.3352)",33.989,-118.3352
"ASSAULT WITH DEADLY WEAPON, AGGRAVATED ASSAULT","(33.989, -118.3352)",33.989,-118.3352
"ASSAULT WITH DEADLY WEAPON, AGGRAVATED ASSAULT","(33.9909, -118.3294)",33.9909,-118.3294
"ASSAULT WITH DEADLY WEAPON, AGGRAVATED ASSAULT","(34.167, -118.3759)",34.167,-118.3759
"ASSAULT WITH DEADLY WEAPON, AGGRAVATED ASSAULT","(34.1667, -118.3702)",34.1667,-118.3702
"ASSAULT WITH DEADLY WEAPON, AGGRAVATED ASSAULT","(34.1684, -118.3703)",34.1684,-118.3703
ROBBERY,"(34.1649, -118.3774)",34.1649,-118.3774
"ASSAULT WITH DEADLY WEAPON, AGGRAVATED ASSAULT","(34.1339, -118.3744)",34.1339,-118.3744
ROBBERY,"(34.1339, -118.3744)",34.1339,-118.3744
"ASSAULT WITH DEADLY WEAPON, AGGRAVATED ASSAULT","(34.1411, -118.372)",34.1411,-118.372
"ASSAULT WITH DEADLY WEAPON, AGGRAVATED ASSAULT","(34.2085, -118.3878)",34.2085,-118.3878
"ASSAULT WITH DEADLY WEAPON, AGGRAVATED ASSAULT","(34.2085, -118.3965)",34.2085,-118.3965
"RAPE, FORCIBLE","(33.7297, -118.2885)",33.7297,-118.2885
ROBBERY,"(34.1958, -118.5666)",34.1958,-118.5666
ROBBERY,"(34.0981, -118.3092)",34.0981,-118.3092
"ASSAULT WITH DEADLY WEAPON, AGGRAVATED ASSAULT","(34.0958, -118.3092)",34.0958,-118.3092
"ASSAULT WITH DEADLY WEAPON, AGGRAVATED ASSAULT","(34.0981, -118.3071)",34.0981,-118.3071
ROBBERY,"(34.2011, -118.3927)",34.2011,-118.3927
"ASSAULT WITH DEADLY WEAPON, AGGRAVATED ASSAULT","(34.1504, -118.3703)",34.1504,-118.3703
ROBBERY,"(34.2267, -118.4704)",34.2267,-118.4704
"ASSAULT WITH DEADLY WEAPON, AGGRAVATED ASSAULT","(34.0754, -118.2879)",34.0754,-118.2879
"RAPE, FORCIBLE","(34.1922, -118.3987)",34.1922,-118.3987
ROBBERY,"(34.2003, -118.4002)",34.2003,-118.4002
ROBBERY,"(34.194, -118.4008)",34.194,-118.4008
"ASSAULT WITH DEADLY WEAPON, AGGRAVATED ASSAULT","(33.8315, -118.3038)",33.8315,-118.3038
ROBBERY,"(34.0001, -118.4653)",34.0001,-118.4653
ROBBERY,"(34.0004, -118.4698)",34.0004,-118.4698
"ASSAULT WITH DEADLY WEAPON, AGGRAVATED ASSAULT","(34.0001, -118.4653)",34.0001,-118.4653
"ASSAULT WITH DEADLY WEAPON, AGGRAVATED ASSAULT","(33.9995, -118.4641)",33.9995,-118.4641
"ASSAULT WITH DEADLY WEAPON, AGGRAVATED ASSAULT","(33.9976, -118.467)",33.9976,-118.467
"ASSAULT WITH DEADLY WEAPON, AGGRAVATED ASSAULT","(33.9988, -118.4717)",33.9988,-118.4717
"ASSAULT WITH DEADLY WEAPON, AGGRAVATED ASSAULT","(34.2992, -118.4517)",34.2992,-118.4517
ROBBERY,"(34.0277, -118.2574)",34.0277,-118.2574
"ASSAULT WITH DEADLY WEAPON, AGGRAVATED ASSAULT","(34.029, -118.2563)",34.029,-118.2563
"ASSAULT WITH DEADLY WEAPON, AGGRAVATED ASSAULT","(34.0281, -118.2582)",34.0281,-118.2582
ROBBERY,"(34.0254, -118.2525)",34.0254,-118.2525
ROBBERY,"(34.0206, -118.2428)",34.0206,-118.2428
"ASSAULT WITH DEADLY WEAPON, AGGRAVATED ASSAULT","(33.9974, -118.28)",33.9974,-118.28
"ASSAULT WITH DEADLY WEAPON, AGGRAVATED ASSAULT","(34.0029, -118.2783)",34.0029,-118.2783
"ASSAULT WITH DEADLY WEAPON, AGGRAVATED ASSAULT","(33.9998, -118.2774)",33.9998,-118.2774
"ASSAULT WITH DEADLY WEAPON, AGGRAVATED ASSAULT","(34.0029, -118.2783)",34.0029,-118.2783
"RAPE, FORCIBLE","(34.0608, -118.2842)",34.0608,-118.2842
ROBBERY,"(34.0608, -118.2842)",34.0608,-118.2842
"ASSAULT WITH DEADLY WEAPON, AGGRAVATED ASSAULT","(34.0618, -118.2878)",34.0618,-118.2878
ROBBERY,"(34.0542, -118.2717)",34.0542,-118.2717
ROBBERY,"(34.0565, -118.2724)",34.0565,-118.2724
"ASSAULT WITH DEADLY WEAPON, AGGRAVATED ASSAULT","(33.9842, -118.2783)",33.9842,-118.2783
"ASSAULT WITH DEADLY WEAPON, AGGRAVATED ASSAULT","(33.9842, -118.2783)",33.9842,-118.2783
ROBBERY,"(33.9842, -118.2783)",33.9842,-118.2783
"ASSAULT WITH DEADLY WEAPON, AGGRAVATED ASSAULT","(33.9824, -118.2783)",33.9824,-118.2783
"ASSAULT WITH DEADLY WEAPON, AGGRAVATED ASSAULT","(33.9323, -118.2502)",33.9323,-118.2502
ROBBERY,"(33.9348, -118.2473)",33.9348,-118.2473
"ASSAULT WITH DEADLY WEAPON, AGGRAVATED ASSAULT","(33.9321, -118.2522)",33.9321,-118.2522
"RAPE, FORCIBLE","(33.931, -118.2542)",33.931,-118.2542
ROBBERY,"(33.9311, -118.2463)",33.9311,-118.2463
ROBBERY,"(34.0898, -118.2917)",34.0898,-118.2917
"ASSAULT WITH DEADLY WEAPON, AGGRAVATED ASSAULT","(34.0887, -118.2893)",34.0887,-118.2893
ROBBERY,"(34.0897, -118.2869)",34.0897,-118.2869
"RAPE, FORCIBLE","(33.7501, -118.3092)",33.7501,-118.3092
"ASSAULT WITH DEADLY WEAPON, AGGRAVATED ASSAULT","(34.1939, -118.4487)",34.1939,-118.4487
"ASSAULT WITH DEADLY WEAPON, AGGRAVATED ASSAULT","(34.1897, -118.4487)",34.1897,-118.4487
"ASSAULT WITH DEADLY WEAPON, AGGRAVATED ASSAULT","(34.1907, -118.4487)",34.1907,-118.4487
ROBBERY,"(34.1867, -118.4444)",34.1867,-118.4444
"ASSAULT WITH DEADLY WEAPON, AGGRAVATED ASSAULT","(34.1867, -118.4465)",34.1867,-118.4465
"ASSAULT WITH DEADLY WEAPON, AGGRAVATED ASSAULT","(34.1939, -118.4487)",34.1939,-118.4487
ROBBERY,"(34.1689, -118.377)",34.1689,-118.377
"RAPE, FORCIBLE","(34.1706, -118.378)",34.1706,-118.378
"RAPE, FORCIBLE","(33.737, -118.2879)",33.737,-118.2879
"ASSAULT WITH DEADLY WEAPON, AGGRAVATED ASSAULT","(34.0926, -118.3266)",34.0926,-118.3266
ROBBERY,"(34.0908, -118.3266)",34.0908,-118.3266
"ASSAULT WITH DEADLY WEAPON, AGGRAVATED ASSAULT","(34.0962, -118.3266)",34.0962,-118.3266
"ASSAULT WITH DEADLY WEAPON, AGGRAVATED ASSAULT","(34.0397, -118.4301)",34.0397,-118.4301
"RAPE, FORCIBLE","(34.0609, -118.2052)",34.0609,-118.2052
"ASSAULT WITH DEADLY WEAPON, AGGRAVATED ASSAULT","(34.0578, -118.2102)",34.0578,-118.2102
"ASSAULT WITH DEADLY WEAPON, AGGRAVATED ASSAULT","(34.2754, -118.3904)",34.2754,-118.3904
"ASSAULT WITH DEADLY WEAPON, AGGRAVATED ASSAULT","(34.2757, -118.3963)",34.2757,-118.3963
"ASSAULT WITH DEADLY WEAPON, AGGRAVATED ASSAULT","(34.2309, -118.3727)",34.2309,-118.3727
"ASSAULT WITH DEADLY WEAPON, AGGRAVATED ASSAULT","(34.2345, -118.3713)",34.2345,-118.3713
"ASSAULT WITH DEADLY WEAPON, AGGRAVATED ASSAULT","(34.2345, -118.3878)",34.2345,-118.3878
"ASSAULT WITH DEADLY WEAPON, AGGRAVATED ASSAULT","(34.0802, -118.1848)",34.0802,-118.1848
ROBBERY,"(34.0802, -118.1848)",34.0802,-118.1848
"ASSAULT WITH DEADLY WEAPON, AGGRAVATED ASSAULT","(34.1766, -118.4589)",34.1766,-118.4589
ROBBERY,"(34.1766, -118.4589)",34.1766,-118.4589
ROBBERY,"(34.0588, -118.4439)",34.0588,-118.4439
ROBBERY,"(34.1837, -118.4443)",34.1837,-118.4443
"ASSAULT WITH DEADLY WEAPON, AGGRAVATED ASSAULT","(34.1837, -118.4443)",34.1837,-118.4443
"ASSAULT WITH DEADLY WEAPON, AGGRAVATED ASSAULT","(34.1847, -118.4465)",34.1847,-118.4465
"ASSAULT WITH DEADLY WEAPON, AGGRAVATED ASSAULT","(34.1817, -118.4487)",34.1817,-118.4487
"ASSAULT WITH DEADLY WEAPON, AGGRAVATED ASSAULT","(34.1367, -118.2713)",34.1367,-118.2713
ROBBERY,"(34.1235, -118.2685)",34.1235,-118.2685
"ASSAULT WITH DEADLY WEAPON, AGGRAVATED ASSAULT","(34.1117, -118.2469)",34.1117,-118.2469
"ASSAULT WITH DEADLY WEAPON, AGGRAVATED ASSAULT","(34.1117, -118.2469)",34.1117,-118.2469
"ASSAULT WITH DEADLY WEAPON, AGGRAVATED ASSAULT","(34.1704, -118.4389)",34.1704,-118.4389
"ASSAULT WITH DEADLY WEAPON, AGGRAVATED ASSAULT","(34.0215, -118.2755)",34.0215,-118.2755
"ASSAULT WITH DEADLY WEAPON, AGGRAVATED ASSAULT","(34.0242, -118.276)",34.0242,-118.276
"ASSAULT WITH DEADLY WEAPON, AGGRAVATED ASSAULT","(34.0234, -118.2743)",34.0234,-118.2743
ROBBERY,"(34.0197, -118.2749)",34.0197,-118.2749
"ASSAULT WITH DEADLY WEAPON, AGGRAVATED ASSAULT","(34.0187, -118.2726)",34.0187,-118.2726
"ASSAULT WITH DEADLY WEAPON, AGGRAVATED ASSAULT","(34.0286, -118.2622)",34.0286,-118.2622
"ASSAULT WITH DEADLY WEAPON, AGGRAVATED ASSAULT","(34.0333, -118.2697)",34.0333,-118.2697
"ASSAULT WITH DEADLY WEAPON, AGGRAVATED ASSAULT","(34.0324, -118.2675)",34.0324,-118.2675
ROBBERY,"(34.0353, -118.2698)",34.0353,-118.2698
"ASSAULT WITH DEADLY WEAPON, AGGRAVATED ASSAULT","(33.993, -118.2565)",33.993,-118.2565
"ASSAULT WITH DEADLY WEAPON, AGGRAVATED ASSAULT","(33.993, -118.2565)",33.993,-118.2565
"ASSAULT WITH DEADLY WEAPON, AGGRAVATED ASSAULT","(33.9925, -118.2608)",33.9925,-118.2608
"ASSAULT WITH DEADLY WEAPON, AGGRAVATED ASSAULT","(34.1808, -118.4531)",34.1808,-118.4531
"ASSAULT WITH DEADLY WEAPON, AGGRAVATED ASSAULT","(34.2084, -118.4599)",34.2084,-118.4599
ROBBERY,"(34.2103, -118.4575)",34.2103,-118.4575
ROBBERY,"(34.2142, -118.4661)",34.2142,-118.4661
"ASSAULT WITH DEADLY WEAPON, AGGRAVATED ASSAULT","(34.2084, -118.4599)",34.2084,-118.4599
"ASSAULT WITH DEADLY WEAPON, AGGRAVATED ASSAULT","(34.1557, -118.3691)",34.1557,-118.3691
"ASSAULT WITH DEADLY WEAPON, AGGRAVATED ASSAULT","(34.1577, -118.3771)",34.1577,-118.3771
"ASSAULT WITH DEADLY WEAPON, AGGRAVATED ASSAULT","(34.0617, -118.3041)",34.0617,-118.3041
"ASSAULT WITH DEADLY WEAPON, AGGRAVATED ASSAULT","(34.0617, -118.3041)",34.0617,-118.3041
"ASSAULT WITH DEADLY WEAPON, AGGRAVATED ASSAULT","(34.0617, -118.3041)",34.0617,-118.3041
ROBBERY,"(34.0612, -118.3091)",34.0612,-118.3091
"ASSAULT WITH DEADLY WEAPON, AGGRAVATED ASSAULT","(34.0599, -118.3139)",34.0599,-118.3139
"RAPE, FORCIBLE","(34.0597, -118.3091)",34.0597,-118.3091
"ASSAULT WITH DEADLY WEAPON, AGGRAVATED ASSAULT","(34.2741, -118.4484)",34.2741,-118.4484
"ASSAULT WITH DEADLY WEAPON, AGGRAVATED ASSAULT","(34.2741, -118.4484)",34.2741,-118.4484
"ASSAULT WITH DEADLY WEAPON, AGGRAVATED ASSAULT","(34.2735, -118.4478)",34.2735,-118.4478
"ASSAULT WITH DEADLY WEAPON, AGGRAVATED ASSAULT","(34.1867, -118.4312)",34.1867,-118.4312
"ASSAULT WITH DEADLY WEAPON, AGGRAVATED ASSAULT","(33.9971, -118.2565)",33.9971,-118.2565
"ASSAULT WITH DEADLY WEAPON, AGGRAVATED ASSAULT","(33.9971, -118.2565)",33.9971,-118.2565
ROBBERY,"(33.9594, -118.4478)",33.9594,-118.4478
"ASSAULT WITH DEADLY WEAPON, AGGRAVATED ASSAULT","(34.1869, -118.3987)",34.1869,-118.3987
"ASSAULT WITH DEADLY WEAPON, AGGRAVATED ASSAULT","(34.1867, -118.3965)",34.1867,-118.3965
"ASSAULT WITH DEADLY WEAPON, AGGRAVATED ASSAULT","(34.1867, -118.3965)",34.1867,-118.3965
"ASSAULT WITH DEADLY WEAPON, AGGRAVATED ASSAULT","(34.0791, -118.2626)",34.0791,-118.2626
"ASSAULT WITH DEADLY WEAPON, AGGRAVATED ASSAULT","(33.9905, -118.4478)",33.9905,-118.4478
"ASSAULT WITH DEADLY WEAPON, AGGRAVATED ASSAULT","(33.9905, -118.4478)",33.9905,-118.4478
"ASSAULT WITH DEADLY WEAPON, AGGRAVATED ASSAULT","(33.9857, -118.4435)",33.9857,-118.4435
"ASSAULT WITH DEADLY WEAPON, AGGRAVATED ASSAULT","(33.9897, -118.4495)",33.9897,-118.4495
"ASSAULT WITH DEADLY WEAPON, AGGRAVATED ASSAULT","(33.9905, -118.4478)",33.9905,-118.4478
"ASSAULT WITH DEADLY WEAPON, AGGRAVATED ASSAULT","(33.7868, -118.2658)",33.7868,-118.2658
"ASSAULT WITH DEADLY WEAPON, AGGRAVATED ASSAULT","(34.2084, -118.5273)",34.2084,-118.5273
"RAPE, FORCIBLE","(34.0416, -118.255)",34.0416,-118.255
ROBBERY,"(34.0377, -118.2621)",34.0377,-118.2621
"ASSAULT WITH DEADLY WEAPON, AGGRAVATED ASSAULT","(34.0405, -118.2567)",34.0405,-118.2567
"ASSAULT WITH DEADLY WEAPON, AGGRAVATED ASSAULT","(34.0402, -118.2598)",34.0402,-118.2598
"ASSAULT WITH DEADLY WEAPON, AGGRAVATED ASSAULT","(34.0416, -118.2584)",34.0416,-118.2584
"ASSAULT WITH DEADLY WEAPON, AGGRAVATED ASSAULT","(34.0437, -118.2617)",34.0437,-118.2617
"ASSAULT WITH DEADLY WEAPON, AGGRAVATED ASSAULT","(34.0691, -118.2917)",34.0691,-118.2917
"ASSAULT WITH DEADLY WEAPON, AGGRAVATED ASSAULT","(34.0533, -118.2829)",34.0533,-118.2829
ROBBERY,"(33.7483, -118.2931)",33.7483,-118.2931
ROBBERY,"(34.0313, -118.4536)",34.0313,-118.4536
ROBBERY,"(34.0394, -118.4537)",34.0394,-118.4537
ROBBERY,"(34.1649, -118.3691)",34.1649,-118.3691
"ASSAULT WITH DEADLY WEAPON, AGGRAVATED ASSAULT","(34.2248, -118.4516)",34.2248,-118.4516
"ASSAULT WITH DEADLY WEAPON, AGGRAVATED ASSAULT","(34.2248, -118.4516)",34.2248,-118.4516
"ASSAULT WITH DEADLY WEAPON, AGGRAVATED ASSAULT","(34.2573, -118.4696)",34.2573,-118.4696
ROBBERY,"(34.0546, -118.2684)",34.0546,-118.2684
ROBBERY,"(34.0552, -118.2675)",34.0552,-118.2675
"ASSAULT WITH DEADLY WEAPON, AGGRAVATED ASSAULT","(33.9474, -118.2801)",33.9474,-118.2801
"ASSAULT WITH DEADLY WEAPON, AGGRAVATED ASSAULT","(33.7912, -118.2633)",33.7912,-118.2633
"ASSAULT WITH DEADLY WEAPON, AGGRAVATED ASSAULT","(34.2084, -118.5535)",34.2084,-118.5535
ROBBERY,"(34.2575, -118.3023)",34.2575,-118.3023
"ASSAULT WITH DEADLY WEAPON, AGGRAVATED ASSAULT","(34.2579, -118.307)",34.2579,-118.307
"ASSAULT WITH DEADLY WEAPON, AGGRAVATED ASSAULT","(34.0882, -118.225)",34.0882,-118.225
"ASSAULT WITH DEADLY WEAPON, AGGRAVATED ASSAULT","(34.0874, -118.2251)",34.0874,-118.2251
"ASSAULT WITH DEADLY WEAPON, AGGRAVATED ASSAULT","(34.0884, -118.2258)",34.0884,-118.2258
"ASSAULT WITH DEADLY WEAPON, AGGRAVATED ASSAULT","(34.2928, -118.4144)",34.2928,-118.4144
"ASSAULT WITH DEADLY WEAPON, AGGRAVATED ASSAULT","(34.0909, -118.2917)",34.0909,-118.2917
"ASSAULT WITH DEADLY WEAPON, AGGRAVATED ASSAULT","(34.0924, -118.2917)",34.0924,-118.2917
ROBBERY,"(34.0909, -118.2917)",34.0909,-118.2917
ROBBERY,"(34.0909, -118.2878)",34.0909,-118.2878
"RAPE, FORCIBLE","(34.0146, -118.2872)",34.0146,-118.2872
"ASSAULT WITH DEADLY WEAPON, AGGRAVATED ASSAULT","(34.1007, -118.3494)",34.1007,-118.3494
"ASSAULT WITH DEADLY WEAPON, AGGRAVATED ASSAULT","(34.0617, -118.3091)",34.0617,-118.3091
"ASSAULT WITH DEADLY WEAPON, AGGRAVATED ASSAULT","(34.0373, -118.2043)",34.0373,-118.2043
ROBBERY,"(34.2737, -118.4117)",34.2737,-118.4117
"ASSAULT WITH DEADLY WEAPON, AGGRAVATED ASSAULT","(34.2737, -118.4117)",34.2737,-118.4117
ROBBERY,"(34.2737, -118.4117)",34.2737,-118.4117
"ASSAULT WITH DEADLY WEAPON, AGGRAVATED ASSAULT","(34.0763, -118.2917)",34.0763,-118.2917
"ASSAULT WITH DEADLY WEAPON, AGGRAVATED ASSAULT","(34.0444, -118.2125)",34.0444,-118.2125
ROBBERY,"(33.9782, -118.3159)",33.9782,-118.3159
"ASSAULT WITH DEADLY WEAPON, AGGRAVATED ASSAULT","(33.9814, -118.3089)",33.9814,-118.3089
"ASSAULT WITH DEADLY WEAPON, AGGRAVATED ASSAULT","(34.205, -118.4339)",34.205,-118.4339
ROBBERY,"(34.203, -118.4389)",34.203,-118.4389
"RAPE, FORCIBLE","(34.2208, -118.5317)",34.2208,-118.5317
ROBBERY,"(34.2391, -118.5601)",34.2391,-118.5601
"RAPE, FORCIBLE","(33.9593, -118.2564)",33.9593,-118.2564
"RAPE, FORCIBLE","(34.0819, -118.2203)",34.0819,-118.2203
"ASSAULT WITH DEADLY WEAPON, AGGRAVATED ASSAULT","(34.076, -118.217)",34.076,-118.217
"ASSAULT WITH DEADLY WEAPON, AGGRAVATED ASSAULT","(34.0806, -118.2176)",34.0806,-118.2176
ROBBERY,"(34.0806, -118.2176)",34.0806,-118.2176
"ASSAULT WITH DEADLY WEAPON, AGGRAVATED ASSAULT","(34.0574, -118.2747)",34.0574,-118.2747
"ASSAULT WITH DEADLY WEAPON, AGGRAVATED ASSAULT","(34.0602, -118.2713)",34.0602,-118.2713
"RAPE, FORCIBLE","(33.7941, -118.29)",33.7941,-118.29
"ASSAULT WITH DEADLY WEAPON, AGGRAVATED ASSAULT","(33.7941, -118.29)",33.7941,-118.29
ROBBERY,"(33.7958, -118.2937)",33.7958,-118.2937
"ASSAULT WITH DEADLY WEAPON, AGGRAVATED ASSAULT","(34.3082, -118.4569)",34.3082,-118.4569
"ASSAULT WITH DEADLY WEAPON, AGGRAVATED ASSAULT","(34.1654, -118.5186)",34.1654,-118.5186
"ASSAULT WITH DEADLY WEAPON, AGGRAVATED ASSAULT","(34.038, -118.4436)",34.038,-118.4436
"ASSAULT WITH DEADLY WEAPON, AGGRAVATED ASSAULT","(34.2249, -118.4792)",34.2249,-118.4792
"ASSAULT WITH DEADLY WEAPON, AGGRAVATED ASSAULT","(34.2214, -118.4749)",34.2214,-118.4749
"RAPE, FORCIBLE","(34.2555, -118.5323)",34.2555,-118.5323
"ASSAULT WITH DEADLY WEAPON, AGGRAVATED ASSAULT","(34.251, -118.5385)",34.251,-118.5385
"ASSAULT WITH DEADLY WEAPON, AGGRAVATED ASSAULT","(34.2282, -118.4536)",34.2282,-118.4536
"ASSAULT WITH DEADLY WEAPON, AGGRAVATED ASSAULT","(34.2282, -118.4575)",34.2282,-118.4575
"ASSAULT WITH DEADLY WEAPON, AGGRAVATED ASSAULT","(34.2282, -118.4575)",34.2282,-118.4575
ROBBERY,"(33.74, -118.313)",33.74,-118.313
"ASSAULT WITH DEADLY WEAPON, AGGRAVATED ASSAULT","(34.0328, -118.2121)",34.0328,-118.2121
ROBBERY,"(34.0276, -118.2146)",34.0276,-118.2146
ROBBERY,"(34.0344, -118.2111)",34.0344,-118.2111
"ASSAULT WITH DEADLY WEAPON, AGGRAVATED ASSAULT","(34.0323, -118.2169)",34.0323,-118.2169
ROBBERY,"(33.9556, -118.2564)",33.9556,-118.2564
"ASSAULT WITH DEADLY WEAPON, AGGRAVATED ASSAULT","(33.9556, -118.2695)",33.9556,-118.2695
ROBBERY,"(33.9547, -118.263)",33.9547,-118.263
"ASSAULT WITH DEADLY WEAPON, AGGRAVATED ASSAULT","(33.8191, -118.3089)",33.8191,-118.3089
ROBBERY,"(34.1939, -118.5535)",34.1939,-118.5535
"ASSAULT WITH DEADLY WEAPON, AGGRAVATED ASSAULT","(33.9265, -118.2739)",33.9265,-118.2739
"ASSAULT WITH DEADLY WEAPON, AGGRAVATED ASSAULT","(34.0563, -118.2813)",34.0563,-118.2813
"ASSAULT WITH DEADLY WEAPON, AGGRAVATED ASSAULT","(34.0567, -118.2815)",34.0567,-118.2815
ROBBERY,"(34.0591, -118.2827)",34.0591,-118.2827
"ASSAULT WITH DEADLY WEAPON, AGGRAVATED ASSAULT","(34.0573, -118.2831)",34.0573,-118.2831
ROBBERY,"(33.96, -118.309)",33.96,-118.309
ROBBERY,"(33.7827, -118.2223)",33.7827,-118.2223
"RAPE, FORCIBLE","(34.0256, -118.3351)",34.0256,-118.3351
"ASSAULT WITH DEADLY WEAPON, AGGRAVATED ASSAULT","(34.0279, -118.343)",34.0279,-118.343
"ASSAULT WITH DEADLY WEAPON, AGGRAVATED ASSAULT","(33.932, -118.2652)",33.932,-118.2652
"ASSAULT WITH DEADLY WEAPON, AGGRAVATED ASSAULT","(33.9373, -118.2652)",33.9373,-118.2652
"ASSAULT WITH DEADLY WEAPON, AGGRAVATED ASSAULT","(33.933, -118.2652)",33.933,-118.2652
"ASSAULT WITH DEADLY WEAPON, AGGRAVATED ASSAULT","(33.9325, -118.2652)",33.9325,-118.2652
"ASSAULT WITH DEADLY WEAPON, AGGRAVATED ASSAULT","(33.9345, -118.2623)",33.9345,-118.2623
ROBBERY,"(33.9814, -118.2783)",33.9814,-118.2783
ROBBERY,"(33.9786, -118.2761)",33.9786,-118.2761
ROBBERY,"(34.0526, -118.315)",34.0526,-118.315
"ASSAULT WITH DEADLY WEAPON, AGGRAVATED ASSAULT","(34.0398, -118.278)",34.0398,-118.278
"RAPE, FORCIBLE","(34.0398, -118.278)",34.0398,-118.278
BURGLARY,"(34.0413, -118.2742)",34.0413,-118.2742
"ASSAULT WITH DEADLY WEAPON, AGGRAVATED ASSAULT","(34.0413, -118.2742)",34.0413,-118.2742
"RAPE, FORCIBLE","(34.0394, -118.2744)",34.0394,-118.2744
"ASSAULT WITH DEADLY WEAPON, AGGRAVATED ASSAULT","(34.1903, -118.3877)",34.1903,-118.3877
ROBBERY,"(34.1875, -118.3877)",34.1875,-118.3877
"ASSAULT WITH DEADLY WEAPON, AGGRAVATED ASSAULT","(34.0508, -118.2722)",34.0508,-118.2722
"ASSAULT WITH DEADLY WEAPON, AGGRAVATED ASSAULT","(34.0256, -118.3189)",34.0256,-118.3189
"ASSAULT WITH DEADLY WEAPON, AGGRAVATED ASSAULT","(34.1803, -118.5535)",34.1803,-118.5535
"ASSAULT WITH DEADLY WEAPON, AGGRAVATED ASSAULT","(34.1727, -118.5709)",34.1727,-118.5709
"ASSAULT WITH DEADLY WEAPON, AGGRAVATED ASSAULT","(34.0636, -118.3047)",34.0636,-118.3047
ARSON,"(34.0636, -118.3004)",34.0636,-118.3004
"ASSAULT WITH DEADLY WEAPON, AGGRAVATED ASSAULT","(34.003, -118.2499)",34.003,-118.2499
"ASSAULT WITH DEADLY WEAPON, AGGRAVATED ASSAULT","(33.9994, -118.2499)",33.9994,-118.2499
"ASSAULT WITH DEADLY WEAPON, AGGRAVATED ASSAULT","(33.9994, -118.2499)",33.9994,-118.2499
"ASSAULT WITH DEADLY WEAPON, AGGRAVATED ASSAULT","(33.9975, -118.2478)",33.9975,-118.2478
"ASSAULT WITH DEADLY WEAPON, AGGRAVATED ASSAULT","(34.0597, -118.3053)",34.0597,-118.3053
"ASSAULT WITH DEADLY WEAPON, AGGRAVATED ASSAULT","(34.0607, -118.3078)",34.0607,-118.3078
"ASSAULT WITH DEADLY WEAPON, AGGRAVATED ASSAULT","(33.7862, -118.2908)",33.7862,-118.2908
"ASSAULT WITH DEADLY WEAPON, AGGRAVATED ASSAULT","(34.0183, -118.4252)",34.0183,-118.4252
"ASSAULT WITH DEADLY WEAPON, AGGRAVATED ASSAULT","(34.0597, -118.2795)",34.0597,-118.2795
"ASSAULT WITH DEADLY WEAPON, AGGRAVATED ASSAULT","(34.0597, -118.2795)",34.0597,-118.2795
"RAPE, FORCIBLE","(34.062, -118.2804)",34.062,-118.2804
"ASSAULT WITH DEADLY WEAPON, AGGRAVATED ASSAULT","(34.0597, -118.2795)",34.0597,-118.2795
ROBBERY,"(34.0597, -118.2795)",34.0597,-118.2795
ROBBERY,"(34.0597, -118.2795)",34.0597,-118.2795
"ASSAULT WITH DEADLY WEAPON, AGGRAVATED ASSAULT","(34.0584, -118.281)",34.0584,-118.281
"RAPE, FORCIBLE","(34.2342, -118.4436)",34.2342,-118.4436
ROBBERY,"(34.2354, -118.4502)",34.2354,-118.4502
"ASSAULT WITH DEADLY WEAPON, AGGRAVATED ASSAULT","(34.0635, -118.2426)",34.0635,-118.2426
ROBBERY,"(34.0603, -118.2439)",34.0603,-118.2439
"ASSAULT WITH DEADLY WEAPON, AGGRAVATED ASSAULT","(34.0635, -118.2458)",34.0635,-118.2458
"ASSAULT WITH DEADLY WEAPON, AGGRAVATED ASSAULT","(33.9906, -118.3089)",33.9906,-118.3089
"RAPE, FORCIBLE","(33.9892, -118.3089)",33.9892,-118.3089
"ASSAULT WITH DEADLY WEAPON, AGGRAVATED ASSAULT","(33.9933, -118.3138)",33.9933,-118.3138
"ASSAULT WITH DEADLY WEAPON, AGGRAVATED ASSAULT","(33.9517, -118.3859)",33.9517,-118.3859
"RAPE, FORCIBLE","(33.943, -118.4035)",33.943,-118.4035
ROBBERY,"(33.7926, -118.3043)",33.7926,-118.3043
"ASSAULT WITH DEADLY WEAPON, AGGRAVATED ASSAULT","(33.9997, -118.2849)",33.9997,-118.2849
"ASSAULT WITH DEADLY WEAPON, AGGRAVATED ASSAULT","(33.9983, -118.2813)",33.9983,-118.2813
ROBBERY,"(34.0011, -118.2815)",34.0011,-118.2815
"ASSAULT WITH DEADLY WEAPON, AGGRAVATED ASSAULT","(33.9992, -118.2827)",33.9992,-118.2827
"ASSAULT WITH DEADLY WEAPON, AGGRAVATED ASSAULT","(33.9997, -118.2871)",33.9997,-118.2871
"ASSAULT WITH DEADLY WEAPON, AGGRAVATED ASSAULT","(33.9791, -118.4669)",33.9791,-118.4669
"ASSAULT WITH DEADLY WEAPON, AGGRAVATED ASSAULT","(33.9798, -118.4656)",33.9798,-118.4656
"ASSAULT WITH DEADLY WEAPON, AGGRAVATED ASSAULT","(33.9803, -118.4648)",33.9803,-118.4648
"ASSAULT WITH DEADLY WEAPON, AGGRAVATED ASSAULT","(33.9737, -118.3112)",33.9737,-118.3112
"ASSAULT WITH DEADLY WEAPON, AGGRAVATED ASSAULT","(33.966, -118.2783)",33.966,-118.2783
"ASSAULT WITH DEADLY WEAPON, AGGRAVATED ASSAULT","(33.9651, -118.2783)",33.9651,-118.2783
"ASSAULT WITH DEADLY WEAPON, AGGRAVATED ASSAULT","(34.1938, -118.4702)",34.1938,-118.4702
"ASSAULT WITH DEADLY WEAPON, AGGRAVATED ASSAULT","(34.183, -118.4662)",34.183,-118.4662
"ASSAULT WITH DEADLY WEAPON, AGGRAVATED ASSAULT","(33.777, -118.2635)",33.777,-118.2635
"ASSAULT WITH DEADLY WEAPON, AGGRAVATED ASSAULT","(34.1053, -118.331)",34.1053,-118.331
"ASSAULT WITH DEADLY WEAPON, AGGRAVATED ASSAULT","(34.0928, -118.3092)",34.0928,-118.3092
"ASSAULT WITH DEADLY WEAPON, AGGRAVATED ASSAULT","(34.0294, -118.3881)",34.0294,-118.3881
"ASSAULT WITH DEADLY WEAPON, AGGRAVATED ASSAULT","(34.0294, -118.3881)",34.0294,-118.3881
"ASSAULT WITH DEADLY WEAPON, AGGRAVATED ASSAULT","(34.0587, -118.2916)",34.0587,-118.2916
"ASSAULT WITH DEADLY WEAPON, AGGRAVATED ASSAULT","(34.1847, -118.5441)",34.1847,-118.5441
"ASSAULT WITH DEADLY WEAPON, AGGRAVATED ASSAULT","(34.1847, -118.5441)",34.1847,-118.5441
"ASSAULT WITH DEADLY WEAPON, AGGRAVATED ASSAULT","(34.0956, -118.2918)",34.0956,-118.2918
"ASSAULT WITH DEADLY WEAPON, AGGRAVATED ASSAULT","(34.1012, -118.2918)",34.1012,-118.2918
ROBBERY,"(34.0981, -118.3005)",34.0981,-118.3005
"ASSAULT WITH DEADLY WEAPON, AGGRAVATED ASSAULT","(34.1012, -118.2918)",34.1012,-118.2918
ROBBERY,"(34.0986, -118.2962)",34.0986,-118.2962
"ASSAULT WITH DEADLY WEAPON, AGGRAVATED ASSAULT","(34.0986, -118.2962)",34.0986,-118.2962
"ASSAULT WITH DEADLY WEAPON, AGGRAVATED ASSAULT","(34.1012, -118.2918)",34.1012,-118.2918
"ASSAULT WITH DEADLY WEAPON, AGGRAVATED ASSAULT","(34.0385, -118.5556)",34.0385,-118.5556
"ASSAULT WITH DEADLY WEAPON, AGGRAVATED ASSAULT","(34.069, -118.3091)",34.069,-118.3091
"ASSAULT WITH DEADLY WEAPON, AGGRAVATED ASSAULT","(33.9661, -118.2849)",33.9661,-118.2849
"ASSAULT WITH DEADLY WEAPON, AGGRAVATED ASSAULT","(33.9555, -118.2871)",33.9555,-118.2871
"ASSAULT WITH DEADLY WEAPON, AGGRAVATED ASSAULT","(33.958, -118.2869)",33.958,-118.2869
CRIMINAL HOMICIDE,"(33.9565, -118.2904)",33.9565,-118.2904
ROBBERY,"(33.9555, -118.2871)",33.9555,-118.2871
"ASSAULT WITH DEADLY WEAPON, AGGRAVATED ASSAULT","(33.9551, -118.2869)",33.9551,-118.2869
"ASSAULT WITH DEADLY WEAPON, AGGRAVATED ASSAULT","(34.0763, -118.3004)",34.0763,-118.3004
ROBBERY,"(33.9456, -118.2652)",33.9456,-118.2652
ROBBERY,"(34.1776, -118.3855)",34.1776,-118.3855
"ASSAULT WITH DEADLY WEAPON, AGGRAVATED ASSAULT","(34.1794, -118.3821)",34.1794,-118.3821
ROBBERY,"(34.178, -118.3825)",34.178,-118.3825
"ASSAULT WITH DEADLY WEAPON, AGGRAVATED ASSAULT","(34.1794, -118.3834)",34.1794,-118.3834
"ASSAULT WITH DEADLY WEAPON, AGGRAVATED ASSAULT","(34.0109, -118.3089)",34.0109,-118.3089
"ASSAULT WITH DEADLY WEAPON, AGGRAVATED ASSAULT","(34.0155, -118.3013)",34.0155,-118.3013
ROBBERY,"(34.0145, -118.3045)",34.0145,-118.3045
ROBBERY,"(34.0109, -118.3089)",34.0109,-118.3089
"ASSAULT WITH DEADLY WEAPON, AGGRAVATED ASSAULT","(33.9455, -118.2869)",33.9455,-118.2869
"RAPE, FORCIBLE","(33.9431, -118.2848)",33.9431,-118.2848
"ASSAULT WITH DEADLY WEAPON, AGGRAVATED ASSAULT","(33.9455, -118.2848)",33.9455,-118.2848
"ASSAULT WITH DEADLY WEAPON, AGGRAVATED ASSAULT","(34.0091, -118.2506)",34.0091,-118.2506
"ASSAULT WITH DEADLY WEAPON, AGGRAVATED ASSAULT","(34.0113, -118.2493)",34.0113,-118.2493
"ASSAULT WITH DEADLY WEAPON, AGGRAVATED ASSAULT","(34.0674, -118.2929)",34.0674,-118.2929
"ASSAULT WITH DEADLY WEAPON, AGGRAVATED ASSAULT","(34.0674, -118.2929)",34.0674,-118.2929
"ASSAULT WITH DEADLY WEAPON, AGGRAVATED ASSAULT","(34.0039, -118.2565)",34.0039,-118.2565
"ASSAULT WITH DEADLY WEAPON, AGGRAVATED ASSAULT","(34.0039, -118.2652)",34.0039,-118.2652
"ASSAULT WITH DEADLY WEAPON, AGGRAVATED ASSAULT","(34.0039, -118.2565)",34.0039,-118.2565
"ASSAULT WITH DEADLY WEAPON, AGGRAVATED ASSAULT","(34.0039, -118.2565)",34.0039,-118.2565
"ASSAULT WITH DEADLY WEAPON, AGGRAVATED ASSAULT","(34.3227, -118.45)",34.3227,-118.45
"ASSAULT WITH DEADLY WEAPON, AGGRAVATED ASSAULT","(34.2688, -118.4559)",34.2688,-118.4559
ROBBERY,"(34.0671, -118.2713)",34.0671,-118.2713
"ASSAULT WITH DEADLY WEAPON, AGGRAVATED ASSAULT","(34.0726, -118.2447)",34.0726,-118.2447
"ASSAULT WITH DEADLY WEAPON, AGGRAVATED ASSAULT","(34.0752, -118.2276)",34.0752,-118.2276
"ASSAULT WITH DEADLY WEAPON, AGGRAVATED ASSAULT","(34.0523, -118.2722)",34.0523,-118.2722
"ASSAULT WITH DEADLY WEAPON, AGGRAVATED ASSAULT","(34.0523, -118.2722)",34.0523,-118.2722
ROBBERY,"(34.0531, -118.2738)",34.0531,-118.2738
"RAPE, FORCIBLE","(34.1867, -118.3648)",34.1867,-118.3648
ROBBERY,"(34.194, -118.3681)",34.194,-118.3681
"ASSAULT WITH DEADLY WEAPON, AGGRAVATED ASSAULT","(34.0484, -118.45)",34.0484,-118.45
"ASSAULT WITH DEADLY WEAPON, AGGRAVATED ASSAULT","(34.0508, -118.4592)",34.0508,-118.4592
"ASSAULT WITH DEADLY WEAPON, AGGRAVATED ASSAULT","(34.143, -118.3727)",34.143,-118.3727
"ASSAULT WITH DEADLY WEAPON, AGGRAVATED ASSAULT","(34.1394, -118.3675)",34.1394,-118.3675
"ASSAULT WITH DEADLY WEAPON, AGGRAVATED ASSAULT","(33.9924, -118.2772)",33.9924,-118.2772
"ASSAULT WITH DEADLY WEAPON, AGGRAVATED ASSAULT","(34.2012, -118.3725)",34.2012,-118.3725
"ASSAULT WITH DEADLY WEAPON, AGGRAVATED ASSAULT","(34.0667, -118.2703)",34.0667,-118.2703
ROBBERY,"(34.0667, -118.2703)",34.0667,-118.2703
"ASSAULT WITH DEADLY WEAPON, AGGRAVATED ASSAULT","(34.0667, -118.2703)",34.0667,-118.2703
ROBBERY,"(34.0326, -118.335)",34.0326,-118.335
"ASSAULT WITH DEADLY WEAPON, AGGRAVATED ASSAULT","(34.0579, -118.2711)",34.0579,-118.2711
"ASSAULT WITH DEADLY WEAPON, AGGRAVATED ASSAULT","(34.0579, -118.2711)",34.0579,-118.2711
"ASSAULT WITH DEADLY WEAPON, AGGRAVATED ASSAULT","(34.2646, -118.4761)",34.2646,-118.4761
"ASSAULT WITH DEADLY WEAPON, AGGRAVATED ASSAULT","(34.2647, -118.4859)",34.2647,-118.4859
"ASSAULT WITH DEADLY WEAPON, AGGRAVATED ASSAULT","(34.2574, -118.4739)",34.2574,-118.4739
ROBBERY,"(34.1016, -118.3333)",34.1016,-118.3333
ROBBERY,"(34.1016, -118.3333)",34.1016,-118.3333
ROBBERY,"(34.1032, -118.3333)",34.1032,-118.3333
"ASSAULT WITH DEADLY WEAPON, AGGRAVATED ASSAULT","(34.1016, -118.331)",34.1016,-118.331
"ASSAULT WITH DEADLY WEAPON, AGGRAVATED ASSAULT","(34.1721, -118.4662)",34.1721,-118.4662
ROBBERY,"(34.0477, -118.4581)",34.0477,-118.4581
ROBBERY,"(33.7948, -118.2999)",33.7948,-118.2999
"RAPE, FORCIBLE","(33.7899, -118.2975)",33.7899,-118.2975
"ASSAULT WITH DEADLY WEAPON, AGGRAVATED ASSAULT","(33.7899, -118.2975)",33.7899,-118.2975
ROBBERY,"(33.7899, -118.2975)",33.7899,-118.2975
"ASSAULT WITH DEADLY WEAPON, AGGRAVATED ASSAULT","(34.1613, -118.4917)",34.1613,-118.4917
"ASSAULT WITH DEADLY WEAPON, AGGRAVATED ASSAULT","(34.3086, -118.4317)",34.3086,-118.4317
"ASSAULT WITH DEADLY WEAPON, AGGRAVATED ASSAULT","(33.9843, -118.2674)",33.9843,-118.2674
"ASSAULT WITH DEADLY WEAPON, AGGRAVATED ASSAULT","(34.0853, -118.3299)",34.0853,-118.3299
"ASSAULT WITH DEADLY WEAPON, AGGRAVATED ASSAULT","(34.1408, -118.379)",34.1408,-118.379
CRIMINAL HOMICIDE,"(34.1119, -118.2665)",34.1119,-118.2665
"ASSAULT WITH DEADLY WEAPON, AGGRAVATED ASSAULT","(34.0736, -118.2156)",34.0736,-118.2156
"ASSAULT WITH DEADLY WEAPON, AGGRAVATED ASSAULT","(34.098, -118.3332)",34.098,-118.3332
"ASSAULT WITH DEADLY WEAPON, AGGRAVATED ASSAULT","(34.098, -118.3267)",34.098,-118.3267
ROBBERY,"(34.1006, -118.3417)",34.1006,-118.3417
ROBBERY,"(34.1016, -118.3387)",34.1016,-118.3387
"ASSAULT WITH DEADLY WEAPON, AGGRAVATED ASSAULT","(34.1016, -118.3387)",34.1016,-118.3387
ROBBERY,"(34.023, -118.3283)",34.023,-118.3283
ROBBERY,"(34.0261, -118.2773)",34.0261,-118.2773
"ASSAULT WITH DEADLY WEAPON, AGGRAVATED ASSAULT","(34.1721, -118.4463)",34.1721,-118.4463
"ASSAULT WITH DEADLY WEAPON, AGGRAVATED ASSAULT","(34.1721, -118.4463)",34.1721,-118.4463
"ASSAULT WITH DEADLY WEAPON, AGGRAVATED ASSAULT","(34.2427, -118.4502)",34.2427,-118.4502
"ASSAULT WITH DEADLY WEAPON, AGGRAVATED ASSAULT","(34.2482, -118.4032)",34.2482,-118.4032
"ASSAULT WITH DEADLY WEAPON, AGGRAVATED ASSAULT","(34.1993, -118.599)",34.1993,-118.599
"ASSAULT WITH DEADLY WEAPON, AGGRAVATED ASSAULT","(34.1956, -118.5955)",34.1956,-118.5955
"RAPE, FORCIBLE","(34.0944, -118.331)",34.0944,-118.331
"ASSAULT WITH DEADLY WEAPON, AGGRAVATED ASSAULT","(33.996, -118.3002)",33.996,-118.3002
ROBBERY,"(34.1973, -118.4116)",34.1973,-118.4116
"ASSAULT WITH DEADLY WEAPON, AGGRAVATED ASSAULT","(34.2841, -118.5021)",34.2841,-118.5021
"ASSAULT WITH DEADLY WEAPON, AGGRAVATED ASSAULT","(33.9443, -118.2483)",33.9443,-118.2483
"ASSAULT WITH DEADLY WEAPON, AGGRAVATED ASSAULT","(34.2429, -118.4828)",34.2429,-118.4828
ROBBERY,"(34.2356, -118.4763)",34.2356,-118.4763
ROBBERY,"(34.0036, -118.3319)",34.0036,-118.3319
"ASSAULT WITH DEADLY WEAPON, AGGRAVATED ASSAULT","(34.0579, -118.1968)",34.0579,-118.1968
"ASSAULT WITH DEADLY WEAPON, AGGRAVATED ASSAULT","(34.2719, -118.4178)",34.2719,-118.4178
BURGLARY,"(34.2765, -118.4224)",34.2765,-118.4224
"ASSAULT WITH DEADLY WEAPON, AGGRAVATED ASSAULT","(34.0462, -118.2153)",34.0462,-118.2153
"ASSAULT WITH DEADLY WEAPON, AGGRAVATED ASSAULT","(34.0462, -118.2153)",34.0462,-118.2153
"ASSAULT WITH DEADLY WEAPON, AGGRAVATED ASSAULT","(33.9128, -118.2869)",33.9128,-118.2869
ROBBERY,"(34.2427, -118.4702)",34.2427,-118.4702
ROBBERY,"(34.2428, -118.4675)",34.2428,-118.4675
ROBBERY,"(34.2427, -118.4702)",34.2427,-118.4702
ROBBERY,"(33.9295, -118.2391)",33.9295,-118.2391
ROBBERY,"(33.9362, -118.2393)",33.9362,-118.2393
"ASSAULT WITH DEADLY WEAPON, AGGRAVATED ASSAULT","(33.9432, -118.2435)",33.9432,-118.2435
"ASSAULT WITH DEADLY WEAPON, AGGRAVATED ASSAULT","(33.9295, -118.2462)",33.9295,-118.2462
"ASSAULT WITH DEADLY WEAPON, AGGRAVATED ASSAULT","(34.0889, -118.3404)",34.0889,-118.3404
"ASSAULT WITH DEADLY WEAPON, AGGRAVATED ASSAULT","(34.0871, -118.3428)",34.0871,-118.3428
"ASSAULT WITH DEADLY WEAPON, AGGRAVATED ASSAULT","(34.0871, -118.3428)",34.0871,-118.3428
"ASSAULT WITH DEADLY WEAPON, AGGRAVATED ASSAULT","(34.0871, -118.3428)",34.0871,-118.3428
"ASSAULT WITH DEADLY WEAPON, AGGRAVATED ASSAULT","(34.2211, -118.3712)",34.2211,-118.3712
"ASSAULT WITH DEADLY WEAPON, AGGRAVATED ASSAULT","(34.2175, -118.3703)",34.2175,-118.3703
"ASSAULT WITH DEADLY WEAPON, AGGRAVATED ASSAULT","(34.2225, -118.3764)",34.2225,-118.3764
CRIMINAL HOMICIDE,"(34.2226, -118.3713)",34.2226,-118.3713
ROBBERY,"(34.0282, -118.372)",34.0282,-118.372
"ASSAULT WITH DEADLY WEAPON, AGGRAVATED ASSAULT","(34.2627, -118.4347)",34.2627,-118.4347
"ASSAULT WITH DEADLY WEAPON, AGGRAVATED ASSAULT","(34.0737, -118.2117)",34.0737,-118.2117
"ASSAULT WITH DEADLY WEAPON, AGGRAVATED ASSAULT","(34.2246, -118.5361)",34.2246,-118.5361
"RAPE, FORCIBLE","(33.9428, -118.2781)",33.9428,-118.2781
"ASSAULT WITH DEADLY WEAPON, AGGRAVATED ASSAULT","(33.9438, -118.2762)",33.9438,-118.2762
"RAPE, FORCIBLE","(33.9428, -118.2781)",33.9428,-118.2781
"ASSAULT WITH DEADLY WEAPON, AGGRAVATED ASSAULT","(33.9511, -118.2717)",33.9511,-118.2717
"ASSAULT WITH DEADLY WEAPON, AGGRAVATED ASSAULT","(34.081, -118.178)",34.081,-118.178
ROBBERY,"(33.7289, -118.2846)",33.7289,-118.2846
"ASSAULT WITH DEADLY WEAPON, AGGRAVATED ASSAULT","(34.0198, -118.2624)",34.0198,-118.2624
BURGLARY,"(34.0146, -118.2634)",34.0146,-118.2634
"ASSAULT WITH DEADLY WEAPON, AGGRAVATED ASSAULT","(34.0479, -118.3447)",34.0479,-118.3447
CRIMINAL HOMICIDE,"(34.2265, -118.4565)",34.2265,-118.4565
CRIMINAL HOMICIDE,"(34.1017, -118.3174)",34.1017,-118.3174
"ASSAULT WITH DEADLY WEAPON, AGGRAVATED ASSAULT","(34.0998, -118.3211)",34.0998,-118.3211
"ASSAULT WITH DEADLY WEAPON, AGGRAVATED ASSAULT","(34.0015, -118.4562)",34.0015,-118.4562
"RAPE, FORCIBLE","(34.2012, -118.4487)",34.2012,-118.4487
ROBBERY,"(34.0566, -118.2528)",34.0566,-118.2528
"ASSAULT WITH DEADLY WEAPON, AGGRAVATED ASSAULT","(34.2867, -118.4852)",34.2867,-118.4852
"ASSAULT WITH DEADLY WEAPON, AGGRAVATED ASSAULT","(34.0374, -118.374)",34.0374,-118.374
"ASSAULT WITH DEADLY WEAPON, AGGRAVATED ASSAULT","(34.0907, -118.3299)",34.0907,-118.3299
"ASSAULT WITH DEADLY WEAPON, AGGRAVATED ASSAULT","(34.0907, -118.3299)",34.0907,-118.3299
"ASSAULT WITH DEADLY WEAPON, AGGRAVATED ASSAULT","(34.0907, -118.3299)",34.0907,-118.3299
"ASSAULT WITH DEADLY WEAPON, AGGRAVATED ASSAULT","(34.0037, -118.3045)",34.0037,-118.3045
"ASSAULT WITH DEADLY WEAPON, AGGRAVATED ASSAULT","(34.0019, -118.3002)",34.0019,-118.3002
ROBBERY,"(34.0006, -118.2959)",34.0006,-118.2959
"ASSAULT WITH DEADLY WEAPON, AGGRAVATED ASSAULT","(34.0007, -118.2964)",34.0007,-118.2964
"ASSAULT WITH DEADLY WEAPON, AGGRAVATED ASSAULT","(34.1937, -118.3748)",34.1937,-118.3748
ROBBERY,"(34.194, -118.3746)",34.194,-118.3746
"ASSAULT WITH DEADLY WEAPON, AGGRAVATED ASSAULT","(33.9643, -118.3864)",33.9643,-118.3864
ROBBERY,"(34.201, -118.5797)",34.201,-118.5797
"ASSAULT WITH DEADLY WEAPON, AGGRAVATED ASSAULT","(34.0677, -118.2821)",34.0677,-118.2821
"ASSAULT WITH DEADLY WEAPON, AGGRAVATED ASSAULT","(34.203, -118.4662)",34.203,-118.4662
"ASSAULT WITH DEADLY WEAPON, AGGRAVATED ASSAULT","(34.2022, -118.4662)",34.2022,-118.4662
ROBBERY,"(34.2085, -118.4662)",34.2085,-118.4662
ROBBERY,"(34.2104, -118.4267)",34.2104,-118.4267
"ASSAULT WITH DEADLY WEAPON, AGGRAVATED ASSAULT","(34.2217, -118.427)",34.2217,-118.427
"RAPE, FORCIBLE","(34.0282, -118.276)",34.0282,-118.276
"ASSAULT WITH DEADLY WEAPON, AGGRAVATED ASSAULT","(34.0276, -118.2747)",34.0276,-118.2747
"ASSAULT WITH DEADLY WEAPON, AGGRAVATED ASSAULT","(34.0282, -118.276)",34.0282,-118.276
"RAPE, FORCIBLE","(34.0836, -118.2928)",34.0836,-118.2928
ROBBERY,"(34.0836, -118.2967)",34.0836,-118.2967
ROBBERY,"(34.0858, -118.296)",34.0858,-118.296
"ASSAULT WITH DEADLY WEAPON, AGGRAVATED ASSAULT","(34.088, -118.297)",34.088,-118.297
ROBBERY,"(34.2523, -118.4576)",34.2523,-118.4576
ROBBERY,"(33.9329, -118.2826)",33.9329,-118.2826
"ASSAULT WITH DEADLY WEAPON, AGGRAVATED ASSAULT","(34.0412, -118.3563)",34.0412,-118.3563
ROBBERY,"(34.0183, -118.3556)",34.0183,-118.3556
"ASSAULT WITH DEADLY WEAPON, AGGRAVATED ASSAULT","(34.0217, -118.3725)",34.0217,-118.3725
CRIMINAL HOMICIDE,"(34.1722, -118.3987)",34.1722,-118.3987
"ASSAULT WITH DEADLY WEAPON, AGGRAVATED ASSAULT","(34.0882, -118.2646)",34.0882,-118.2646
"ASSAULT WITH DEADLY WEAPON, AGGRAVATED ASSAULT","(34.0418, -118.3134)",34.0418,-118.3134
ROBBERY,"(34.0418, -118.3177)",34.0418,-118.3177
"ASSAULT WITH DEADLY WEAPON, AGGRAVATED ASSAULT","(34.1131, -118.1894)",34.1131,-118.1894
"ASSAULT WITH DEADLY WEAPON, AGGRAVATED ASSAULT","(34.2036, -118.3833)",34.2036,-118.3833
"ASSAULT WITH DEADLY WEAPON, AGGRAVATED ASSAULT","(34.1024, -118.2546)",34.1024,-118.2546
"ASSAULT WITH DEADLY WEAPON, AGGRAVATED ASSAULT","(33.9987, -118.2915)",33.9987,-118.2915
"RAPE, FORCIBLE","(34.0064, -118.29)",34.0064,-118.29
"ASSAULT WITH DEADLY WEAPON, AGGRAVATED ASSAULT","(34.0037, -118.2915)",34.0037,-118.2915
ROBBERY,"(34.0778, -118.2801)",34.0778,-118.2801
"ASSAULT WITH DEADLY WEAPON, AGGRAVATED ASSAULT","(34.0726, -118.2749)",34.0726,-118.2749
"RAPE, FORCIBLE","(34.1811, -118.3867)",34.1811,-118.3867
"ASSAULT WITH DEADLY WEAPON, AGGRAVATED ASSAULT","(34.061, -118.2615)",34.061,-118.2615
"RAPE, FORCIBLE","(34.0646, -118.2656)",34.0646,-118.2656
"ASSAULT WITH DEADLY WEAPON, AGGRAVATED ASSAULT","(34.1374, -118.1897)",34.1374,-118.1897
"ASSAULT WITH DEADLY WEAPON, AGGRAVATED ASSAULT","(34.1439, -118.1955)",34.1439,-118.1955
"ASSAULT WITH DEADLY WEAPON, AGGRAVATED ASSAULT","(34.0761, -118.3614)",34.0761,-118.3614
"ASSAULT WITH DEADLY WEAPON, AGGRAVATED ASSAULT","(34.0761, -118.3614)",34.0761,-118.3614
"ASSAULT WITH DEADLY WEAPON, AGGRAVATED ASSAULT","(34.095, -118.2275)",34.095,-118.2275
ROBBERY,"(34.0577, -118.3009)",34.0577,-118.3009
CRIMINAL HOMICIDE,"(34.0195, -118.3452)",34.0195,-118.3452
ROBBERY,"(33.9237, -118.2586)",33.9237,-118.2586
"ASSAULT WITH DEADLY WEAPON, AGGRAVATED ASSAULT","(34.1155, -118.1843)",34.1155,-118.1843
"ASSAULT WITH DEADLY WEAPON, AGGRAVATED ASSAULT","(33.9933, -118.2871)",33.9933,-118.2871
"ASSAULT WITH DEADLY WEAPON, AGGRAVATED ASSAULT","(34.1763, -118.536)",34.1763,-118.536
"ASSAULT WITH DEADLY WEAPON, AGGRAVATED ASSAULT","(34.0046, -118.3138)",34.0046,-118.3138
ROBBERY,"(34.0536, -118.3773)",34.0536,-118.3773
"RAPE, FORCIBLE","(34.1221, -118.2188)",34.1221,-118.2188
"ASSAULT WITH DEADLY WEAPON, AGGRAVATED ASSAULT","(34.0557, -118.2645)",34.0557,-118.2645
"ASSAULT WITH DEADLY WEAPON, AGGRAVATED ASSAULT","(34.0073, -118.3002)",34.0073,-118.3002
"ASSAULT WITH DEADLY WEAPON, AGGRAVATED ASSAULT","(34.0073, -118.298)",34.0073,-118.298
ROBBERY,"(34.2252, -118.3805)",34.2252,-118.3805
"RAPE, FORCIBLE","(34.2247, -118.3686)",34.2247,-118.3686
"ASSAULT WITH DEADLY WEAPON, AGGRAVATED ASSAULT","(33.7243, -118.2963)",33.7243,-118.2963
"ASSAULT WITH DEADLY WEAPON, AGGRAVATED ASSAULT","(34.0544, -118.4656)",34.0544,-118.4656
"ASSAULT WITH DEADLY WEAPON, AGGRAVATED ASSAULT","(34.034, -118.4344)",34.034,-118.4344
"ASSAULT WITH DEADLY WEAPON, AGGRAVATED ASSAULT","(33.9582, -118.309)",33.9582,-118.309
"ASSAULT WITH DEADLY WEAPON, AGGRAVATED ASSAULT","(34.2428, -118.5754)",34.2428,-118.5754
ROBBERY,"(34.0121, -118.3423)",34.0121,-118.3423
ROBBERY,"(34.2685, -118.4152)",34.2685,-118.4152
ROBBERY,"(34.174, -118.4095)",34.174,-118.4095
"ASSAULT WITH DEADLY WEAPON, AGGRAVATED ASSAULT","(34.0835, -118.3416)",34.0835,-118.3416
"ASSAULT WITH DEADLY WEAPON, AGGRAVATED ASSAULT","(34.2332, -118.5829)",34.2332,-118.5829
"ASSAULT WITH DEADLY WEAPON, AGGRAVATED ASSAULT","(34.1694, -118.5974)",34.1694,-118.5974
ROBBERY,"(34.174, -118.5888)",34.174,-118.5888
"RAPE, FORCIBLE","(34.1733, -118.5974)",34.1733,-118.5974
"ASSAULT WITH DEADLY WEAPON, AGGRAVATED ASSAULT","(34.2648, -118.4385)",34.2648,-118.4385
"ASSAULT WITH DEADLY WEAPON, AGGRAVATED ASSAULT","(34.2648, -118.4385)",34.2648,-118.4385
ROBBERY,"(33.9805, -118.439)",33.9805,-118.439
"ASSAULT WITH DEADLY WEAPON, AGGRAVATED ASSAULT","(34.198, -118.4216)",34.198,-118.4216
ROBBERY,"(33.7334, -118.2968)",33.7334,-118.2968
"ASSAULT WITH DEADLY WEAPON, AGGRAVATED ASSAULT","(34.0554, -118.4418)",34.0554,-118.4418
"ASSAULT WITH DEADLY WEAPON, AGGRAVATED ASSAULT","(34.0541, -118.4407)",34.0541,-118.4407
"ASSAULT WITH DEADLY WEAPON, AGGRAVATED ASSAULT","(33.9237, -118.2826)",33.9237,-118.2826
"ASSAULT WITH DEADLY WEAPON, AGGRAVATED ASSAULT","(34.2386, -118.4464)",34.2386,-118.4464
"ASSAULT WITH DEADLY WEAPON, AGGRAVATED ASSAULT","(33.9573, -118.3962)",33.9573,-118.3962
ROBBERY,"(34.1478, -118.6012)",34.1478,-118.6012
ROBBERY,"(34.2518, -118.5988)",34.2518,-118.5988
"ASSAULT WITH DEADLY WEAPON, AGGRAVATED ASSAULT","(34.076, -118.2737)",34.076,-118.2737
"ASSAULT WITH DEADLY WEAPON, AGGRAVATED ASSAULT","(34.0554, -118.4266)",34.0554,-118.4266
"ASSAULT WITH DEADLY WEAPON, AGGRAVATED ASSAULT","(34.0276, -118.437)",34.0276,-118.437
ROBBERY,"(33.7951, -118.27)",33.7951,-118.27
ROBBERY,"(33.7929, -118.272)",33.7929,-118.272
ROBBERY,"(34.0092, -118.2565)",34.0092,-118.2565
"ASSAULT WITH DEADLY WEAPON, AGGRAVATED ASSAULT","(34.2095, -118.4309)",34.2095,-118.4309
"ASSAULT WITH DEADLY WEAPON, AGGRAVATED ASSAULT","(34.2778, -118.4277)",34.2778,-118.4277
"ASSAULT WITH DEADLY WEAPON, AGGRAVATED ASSAULT","(34.2688, -118.4354)",34.2688,-118.4354
"ASSAULT WITH DEADLY WEAPON, AGGRAVATED ASSAULT","(34.2685, -118.4364)",34.2685,-118.4364
"ASSAULT WITH DEADLY WEAPON, AGGRAVATED ASSAULT","(34.0814, -118.2962)",34.0814,-118.2962
"ASSAULT WITH DEADLY WEAPON, AGGRAVATED ASSAULT","(34.0818, -118.2941)",34.0818,-118.2941
"ASSAULT WITH DEADLY WEAPON, AGGRAVATED ASSAULT","(34.2011, -118.5863)",34.2011,-118.5863
"ASSAULT WITH DEADLY WEAPON, AGGRAVATED ASSAULT","(34.2215, -118.4516)",34.2215,-118.4516
"ASSAULT WITH DEADLY WEAPON, AGGRAVATED ASSAULT","(34.0037, -118.3182)",34.0037,-118.3182
"ASSAULT WITH DEADLY WEAPON, AGGRAVATED ASSAULT","(33.9785, -118.2937)",33.9785,-118.2937
"ASSAULT WITH DEADLY WEAPON, AGGRAVATED ASSAULT","(34.0347, -118.309)",34.0347,-118.309
"ASSAULT WITH DEADLY WEAPON, AGGRAVATED ASSAULT","(34.0767, -118.2844)",34.0767,-118.2844
ROBBERY,"(34.1936, -118.4166)",34.1936,-118.4166
"ASSAULT WITH DEADLY WEAPON, AGGRAVATED ASSAULT","(34.2541, -118.4024)",34.2541,-118.4024
ROBBERY,"(34.0617, -118.3166)",34.0617,-118.3166
ROBBERY,"(34.0073, -118.2784)",34.0073,-118.2784
"ASSAULT WITH DEADLY WEAPON, AGGRAVATED ASSAULT","(33.931, -118.2916)",33.931,-118.2916
ROBBERY,"(34.2156, -118.5975)",34.2156,-118.5975
"ASSAULT WITH DEADLY WEAPON, AGGRAVATED ASSAULT","(34.2724, -118.3243)",34.2724,-118.3243
"ASSAULT WITH DEADLY WEAPON, AGGRAVATED ASSAULT","(34.2724, -118.3243)",34.2724,-118.3243
"ASSAULT WITH DEADLY WEAPON, AGGRAVATED ASSAULT","(34.2724, -118.3243)",34.2724,-118.3243
ROBBERY,"(33.9897, -118.2915)",33.9897,-118.2915
"ASSAULT WITH DEADLY WEAPON, AGGRAVATED ASSAULT","(33.9897, -118.3002)",33.9897,-118.3002
"ASSAULT WITH DEADLY WEAPON, AGGRAVATED ASSAULT","(33.9932, -118.2915)",33.9932,-118.2915
"ASSAULT WITH DEADLY WEAPON, AGGRAVATED ASSAULT","(34.0473, -118.2827)",34.0473,-118.2827
"RAPE, FORCIBLE","(33.9747, -118.2827)",33.9747,-118.2827
"RAPE, FORCIBLE","(34.1667, -118.5308)",34.1667,-118.5308
"ASSAULT WITH DEADLY WEAPON, AGGRAVATED ASSAULT","(33.9966, -118.2696)",33.9966,-118.2696
"ASSAULT WITH DEADLY WEAPON, AGGRAVATED ASSAULT","(34.0178, -118.2553)",34.0178,-118.2553
"ASSAULT WITH DEADLY WEAPON, AGGRAVATED ASSAULT","(34.0204, -118.4039)",34.0204,-118.4039
"ASSAULT WITH DEADLY WEAPON, AGGRAVATED ASSAULT","(34.1903, -118.4399)",34.1903,-118.4399
"ASSAULT WITH DEADLY WEAPON, AGGRAVATED ASSAULT","(34.0712, -118.2991)",34.0712,-118.2991
ROBBERY,"(34.0521, -118.3864)",34.0521,-118.3864
ROBBERY,"(34.0425, -118.3818)",34.0425,-118.3818
"ASSAULT WITH DEADLY WEAPON, AGGRAVATED ASSAULT","(34.1769, -118.5384)",34.1769,-118.5384
"ASSAULT WITH DEADLY WEAPON, AGGRAVATED ASSAULT","(34.2255, -118.5492)",34.2255,-118.5492
"ASSAULT WITH DEADLY WEAPON, AGGRAVATED ASSAULT","(34.1727, -118.5535)",34.1727,-118.5535
"ASSAULT WITH DEADLY WEAPON, AGGRAVATED ASSAULT","(34.1849, -118.4095)",34.1849,-118.4095
ROBBERY,"(34.0413, -118.2829)",34.0413,-118.2829
"ASSAULT WITH DEADLY WEAPON, AGGRAVATED ASSAULT","(33.9348, -118.2784)",33.9348,-118.2784
"ASSAULT WITH DEADLY WEAPON, AGGRAVATED ASSAULT","(34.025, -118.3551)",34.025,-118.3551
"ASSAULT WITH DEADLY WEAPON, AGGRAVATED ASSAULT","(34.0623, -118.344)",34.0623,-118.344
"RAPE, FORCIBLE","(34.07, -118.1998)",34.07,-118.1998
"ASSAULT WITH DEADLY WEAPON, AGGRAVATED ASSAULT","(34.0632, -118.2408)",34.0632,-118.2408
"ASSAULT WITH DEADLY WEAPON, AGGRAVATED ASSAULT","(34.1501, -118.4225)",34.1501,-118.4225
"ASSAULT WITH DEADLY WEAPON, AGGRAVATED ASSAULT","(34.1501, -118.4225)",34.1501,-118.4225
ROBBERY,"(34.0526, -118.3063)",34.0526,-118.3063
"ASSAULT WITH DEADLY WEAPON, AGGRAVATED ASSAULT","(33.9922, -118.2521)",33.9922,-118.2521
ROBBERY,"(33.9922, -118.2521)",33.9922,-118.2521
"ASSAULT WITH DEADLY WEAPON, AGGRAVATED ASSAULT","(34.017, -118.3477)",34.017,-118.3477
"ASSAULT WITH DEADLY WEAPON, AGGRAVATED ASSAULT","(33.9862, -118.3002)",33.9862,-118.3002
"ASSAULT WITH DEADLY WEAPON, AGGRAVATED ASSAULT","(34.2158, -118.4087)",34.2158,-118.4087
"ASSAULT WITH DEADLY WEAPON, AGGRAVATED ASSAULT","(34.1996, -118.4487)",34.1996,-118.4487
ROBBERY,"(34.0446, -118.2769)",34.0446,-118.2769
"ASSAULT WITH DEADLY WEAPON, AGGRAVATED ASSAULT","(34.0521, -118.4729)",34.0521,-118.4729
ROBBERY,"(34.0352, -118.284)",34.0352,-118.284
"ASSAULT WITH DEADLY WEAPON, AGGRAVATED ASSAULT","(34.0932, -118.2939)",34.0932,-118.2939
"ASSAULT WITH DEADLY WEAPON, AGGRAVATED ASSAULT","(34.2604, -118.419)",34.2604,-118.419
"ASSAULT WITH DEADLY WEAPON, AGGRAVATED ASSAULT","(34.1207, -118.2641)",34.1207,-118.2641
ROBBERY,"(34.2428, -118.5361)",34.2428,-118.5361
"ASSAULT WITH DEADLY WEAPON, AGGRAVATED ASSAULT","(33.9607, -118.42)",33.9607,-118.42
"ASSAULT WITH DEADLY WEAPON, AGGRAVATED ASSAULT","(34.2176, -118.6017)",34.2176,-118.6017
"ASSAULT WITH DEADLY WEAPON, AGGRAVATED ASSAULT","(34.2085, -118.3703)",34.2085,-118.3703
"RAPE, FORCIBLE","(34.1082, -118.274)",34.1082,-118.274
ROBBERY,"(33.9747, -118.4243)",33.9747,-118.4243
ROBBERY,"(34.0945, -118.2085)",34.0945,-118.2085
"ASSAULT WITH DEADLY WEAPON, AGGRAVATED ASSAULT","(34.1684, -118.4586)",34.1684,-118.4586
ROBBERY,"(34.0981, -118.3561)",34.0981,-118.3561
